[
{"action":{"type":"block"},"condition":{"urlFilter":"/creame-whatsapp-me/public/js/joinchat.min.js"},"id":1,"priority":10},
{"action":{"type":"block"},"condition":{"urlFilter":"/wp-content/plugins/click-to-chat-for-whatsapp/"},"id":2,"priority":10},
{"action":{"type":"block"},"condition":{"urlFilter":"://webim.*/button.js"},"id":3,"priority":10},
{"action":{"type":"block"},"condition":{"urlFilter":"://webim.*/button.php"},"id":4,"priority":10},
{"action":{"type":"block"},"condition":{"urlFilter":"||today.com/oli/"},"id":5,"priority":10},
{"action":{"type":"block"},"condition":{"urlFilter":"||3cx.com/livechat/"},"id":6,"priority":10},
{"action":{"type":"block"},"condition":{"urlFilter":"||app.mymaisie.com/static/chatbot-component/"},"id":7,"priority":10},
{"action":{"type":"block"},"condition":{"urlFilter":"||cdn.asksuite.com/infochat.js"},"id":8,"priority":10},
{"action":{"type":"block"},"condition":{"urlFilter":"||cdn.shopify.com/extensions/*/assets/inbox-chat-loader.js"},"id":9,"priority":10},
{"action":{"type":"block"},"condition":{"urlFilter":"||chatbase.co/embed.min.js"},"id":10,"priority":10},
{"action":{"type":"block"},"condition":{"urlFilter":"||cloudfront.net/gosquared.js"},"id":11,"priority":10},
{"action":{"type":"block"},"condition":{"urlFilter":"||connect.facebook.net^*/xfbml.customerchat.js"},"id":12,"priority":10},
{"action":{"type":"block"},"condition":{"urlFilter":"||contivio.com/chat2/"},"id":13,"priority":10},
{"action":{"type":"block"},"condition":{"urlFilter":"||engage.wixapps.net/chat-widget-server/"},"id":14,"priority":10},
{"action":{"type":"block"},"condition":{"urlFilter":"||fcc-online.pl/chat/"},"id":15,"priority":10},
{"action":{"type":"block"},"condition":{"urlFilter":"||gladly.com/chat-sdk/"},"id":16,"priority":10},
{"action":{"type":"block"},"condition":{"urlFilter":"||googleapis.com/ebbot-web/"},"id":17,"priority":10},
{"action":{"type":"block"},"condition":{"urlFilter":"||gstatic.com/dialogflow-console/fast/messenger/"},"id":18,"priority":10},
{"action":{"type":"block"},"condition":{"urlFilter":"||hubspot.com/livechat-public/"},"id":19,"priority":10},
{"action":{"type":"block"},"condition":{"urlFilter":"||iadvize.com/iadvize.js"},"id":20,"priority":10},
{"action":{"type":"block"},"condition":{"urlFilter":"||my.salesforce.com/embeddedservice/"},"id":21,"priority":10},
{"action":{"type":"block"},"condition":{"urlFilter":"||phenompeople.com/txm-bot/prod/prod.js"},"id":22,"priority":10},
{"action":{"type":"block"},"condition":{"urlFilter":"||predu.sk/chat/chat.js"},"id":23,"priority":10},
{"action":{"type":"block"},"condition":{"urlFilter":"||shopify.com^*/shopifychatv1.js"},"id":24,"priority":10},
{"action":{"type":"block"},"condition":{"urlFilter":"||storage.googleapis.com/code.snapengage.com/"},"id":25,"priority":10},
{"action":{"type":"block"},"condition":{"urlFilter":"||usemessages.com/conversations-embed.js"},"id":26,"priority":10},
{"action":{"type":"block"},"condition":{"urlFilter":"||userback.io/widget/"},"id":27,"priority":10},
{"action":{"type":"block"},"condition":{"urlFilter":"||userlike-cdn-widgets.*.amazonaws.com^"},"id":28,"priority":10},
{"action":{"type":"block"},"condition":{"urlFilter":"||web.pypestream.com/launcher.js"},"id":29,"priority":10},
{"action":{"type":"block"},"condition":{"urlFilter":"||widgetinstall.com/plugin/chat.js"},"id":30,"priority":10},
{"action":{"type":"block"},"condition":{"urlFilter":"||widgets.binotel.com/chat/"},"id":31,"priority":10},
{"action":{"type":"block"},"condition":{"urlFilter":"||widgets.binotel.com/getcall/"},"id":32,"priority":10},
{"action":{"type":"block"},"condition":{"domainType":"thirdParty","requestDomains":["247-inc.net","24nettbutikk.chat","3cx.uk","above.im","acquire.io","alive5.com","alo-tech.com","apex.live","api.botsonic.ai","app.chaport.com","app.chatplus.jp","assets.flex.twilio.com","astutebot.com","awhy.it","belco.io","birdeye.com","boei.help","boldchat.com","bot.leadoo.com","botgenes.org","botmind.io","botsrv2.com","callpage.io","carchat24.com","carrotquest.io","cbot.ai","chat-app.chat-link.de","chat-app.neurabot.de","chat.broadly.com","chat.gosquared.com","chat.octadesk.services","chatbot.com","chatbotize.com","chatbro.com","chatdealer.jp","chatway.app","chatwoot.frai.pro","chatwoot.on-mail.ru","cibbot.com","cliengo.com","clientchatlive.com","clients.streamwood.ru","console.rul.ai","conversationalsdevelopment.nl","conversiobot.com","craft-talk.com","crall.io","daktela.com","directtalk.com.br","echatsys.com","embed.simplifeye.co","engagebay.com","enquirybot.com","evidence.io","external.airport.ai","freshchat.com","getrisk.info","globalbot.ai","go.botmaker.com","goftino.com","gorgias.chat","gs-chat.com","gso.amocrm.com","gubagoo.io","happyfox.com","helpscout.net","heyoliver.com","igetresponse.chat","inside.chat","inteliwise.com","intelliticks.com","jivosite.com","landbot.io","lcmagentportal.appspot.com","leadback.ru","leadbooster-chat.pipedrive.com","leadgenic.ru","live2support.com","livechat.ekonsilio.io","livehelpnow.net","me-talk.ru","melibo.de","messenger.customerly.io","mindbehind.com","mobilemonkey.com","moustacheai.com","mylivechat.com","neurologic.com.br","nice-incontact.com","noem.ai","ocelotbot.com","olark.com","ommi-prod-widget.web.app","onlim.com","onwebchat.com","personaclick.com","phplivesupport.com","podium.com","production.raptive.ai","purechat.com","qualified.com","quicktext.im","raychat.io","readyplanet.com","reamaze.com","replain.cc","richpanel.com","salesiq.zoho.com","sendinblue.com","serviceform.com","smart.generaxion.fi","smartarget.online","smartsuppcdn.com","smith.ai","smooch.io","snapengage.com","snapsmedia.io","st.chatango.com","stadtwerk.bot","swi.neobox.ebu.io","talkative-cdn.com","tawk.to","thankful.ai","thelivechatsoftware.com","tidiochat.com","unibuddy.co","userbot.ai","userway.org","vergic.com","verint-cdn.com","visitor.chat","wbot.chat","web-chat.global.assistant.watson.appdomain.cloud","web.kodabots.com","webchat.hyperflow.global","webchatapi.robbu.global","webim.ru","whatya.solairo-api.com","widget.insent.ai","widget.moin.ai","widget.screets.io","widget.superchat.de","widget.writesonic.com","worldchatbox.worldfone.vn","xeno.app","yellowmessenger.com","zammo.ai","zopim.com","zyratalk.com"]},"id":33,"priority":10},
{"action":{"type":"block"},"condition":{"requestDomains":["allegro-cdn.concerto.ai","assistant.almaintelligence.com","call.chatra.io","chat-widget.hiverhq.com","chat.24liveblog.com","chatbot.pef.czu.cz","chatwidget-prod.web.app","cloud.aikosmo.com","lptag-cdn.liveperson.net","lptag.liveperson.net","pageview.activengage.com","selfservice.robinhq.com","webchat.bebot.io","webchat.omni.cafe","widget.chatbot.laiye.com","widget.helpcrunch.com","widget.intercom.io","widget.kommunicate.io","widget.trengo.eu","widgets.leadconnectorhq.com"]},"id":34,"priority":10},
{"action":{"type":"block"},"condition":{"initiatorDomains":["vitbikes.de"],"resourceTypes":["script"],"urlFilter":"||embed.typeform.com/next/embed.js"},"id":35,"priority":10},
{"action":{"type":"block"},"condition":{"initiatorDomains":["casbin.org"],"urlFilter":"||ai.casbin.com^"},"id":36,"priority":10},
{"action":{"type":"block"},"condition":{"domainType":"thirdParty","urlFilter":"||boost.ai/chatpanel/"},"id":37,"priority":10},
{"action":{"type":"block"},"condition":{"domainType":"thirdParty","excludedResourceTypes":["image","main_frame"],"urlFilter":"||crisp.chat^"},"id":38,"priority":10},
{"action":{"type":"block"},"condition":{"domainType":"thirdParty","excludedInitiatorDomains":["paloaltonetworks.com"],"urlFilter":"||driftt.com^"},"id":39,"priority":10},
{"action":{"type":"block"},"condition":{"domainType":"thirdParty","excludedInitiatorDomains":["zoho.com","zoho.eu","zoho.in","zohoshowtime.com"],"urlFilter":"||js.zohocdn.com/ichat/"},"id":40,"priority":10},
{"action":{"type":"block"},"condition":{"domainType":"thirdParty","excludedInitiatorDomains":["zoho.com","zoho.eu","zoho.in","zohoshowtime.com"],"urlFilter":"||js.zohocdn.com/salesiq/js/floatbutton1_"},"id":41,"priority":10},
{"action":{"type":"block"},"condition":{"domainType":"thirdParty","urlFilter":"||ladesk.com/chat/"},"id":42,"priority":10},
{"action":{"type":"block"},"condition":{"domainType":"thirdParty","excludedInitiatorDomains":["direct.lc.chat"],"urlFilter":"||livechatinc.com^"},"id":43,"priority":10},
{"action":{"type":"block"},"condition":{"domainType":"thirdParty","urlFilter":"||sprinklr.com/api/livechat/"},"id":44,"priority":10},
{"action":{"type":"block"},"condition":{"domainType":"thirdParty","urlFilter":"||supportai.yandex/widget/"},"id":45,"priority":10},
{"action":{"type":"block"},"condition":{"domainType":"thirdParty","urlFilter":"||zohopublic.com/watchws?"},"id":46,"priority":10},
{"action":{"type":"block"},"condition":{"domainType":"thirdParty","excludedInitiatorDomains":["livetex.github.io"],"urlFilter":"||livetex.ru^"},"id":47,"priority":10},
{"action":{"type":"block"},"condition":{"domainType":"thirdParty","resourceTypes":["script"],"urlFilter":"||components.justanswer.com^"},"id":48,"priority":10},
{"action":{"type":"block"},"condition":{"urlFilter":"||cgsinc.cl/mcic/web/mediatel_chat.js"},"id":49,"priority":10},
{"action":{"type":"block"},"condition":{"urlFilter":"||jsdelivr.net/gh/tykhe-dev/tykhe-chat@1.0/tykhe-chat.js"},"id":50,"priority":10},
{"action":{"type":"block"},"condition":{"urlFilter":"||leadster.com.br/api/chatbot/"},"id":51,"priority":10},
{"action":{"type":"block"},"condition":{"urlFilter":"||zapier.app/_z/embed/chatbot/"},"id":52,"priority":10},
{"action":{"type":"block"},"condition":{"urlFilter":"||guuru.com^*/chat.min.js"},"id":53,"priority":10},
{"action":{"type":"block"},"condition":{"urlFilter":"||allegro.concerto.ai/chatbot_v2/"},"id":54,"priority":10},
{"action":{"type":"block"},"condition":{"resourceTypes":["script"],"urlFilter":"||live-mt-server.wati.io/*/whatsappchatscript?shopifydomain="},"id":55,"priority":10},
{"action":{"type":"block"},"condition":{"domainType":"thirdParty","resourceTypes":["script"],"urlFilter":"||socialintents.com/api/chat/socialintents."},"id":56,"priority":10},
{"action":{"type":"block"},"condition":{"urlFilter":"||cdn.shopify.com/extensions/*/manifest-ai-chatbot-548/assets/common-script.js"},"id":57,"priority":10},
{"action":{"type":"block"},"condition":{"domainType":"thirdParty","urlFilter":"||services.leadconnectorhq.com/chat-widget/"},"id":58,"priority":10},
{"action":{"type":"block"},"condition":{"domainType":"thirdParty","excludedInitiatorDomains":["tidio.com"],"urlFilter":"||tidio.co^"},"id":59,"priority":10},
{"action":{"type":"block"},"condition":{"urlFilter":"||eservices.healthhub.sg/public/chatbot/widget/ca/assets/index.js"},"id":60,"priority":10},
{"action":{"type":"block"},"condition":{"urlFilter":"||momence.com/plugin/webchat/webchat.js"},"id":61,"priority":10}
]
