[
{"action":{"type":"block"},"condition":{"domainType":"thirdParty","requestDomains":["actirinius.com","aimtell.com","alertme.news","api-push.com","aswpsdkeu.com","aswpsdkus.com","bildirimat.com","bildirnet.com","bildirt.com","bosspush.com","braze.com","browserpusher.com","cappushino.com","cdn-sitegainer.com","cdn.p-n.io","cdn.qgr.ph","cdn.qgraph.io","centrnotify.com","cleverpush.com","confirmit.com","conforama-push.com","controlpush.com","copush.com","cracataum.com","css.xjsx.lol","danorenius.com","digipush.io","digitalpush.org","dpns-notifications.com","edrone.me","evolok.net","face-push.com","farteniuson.com","feedify.net","feraciumus.com","fernomius.com","fkondate.com","foxpush.com","foxpush.net","getback.ch","getnotification.me","getpush.net","getpushmonkey.com","gravitec.net","heroesdom.com","irpush.com","jeeng.com","kattepush.com","krakenoptimize.com","larapush.com","linker.hr","luravius.com","master-push.com","master-push.net","misrepush.com","mobi24.net","moengage.com","mp3vizor.com","najva.com","nativesubscribe.pro","neopush.io","news2day.me","notifadz.com","notifee-manager.cz","notifications.ltd","notifikuj.cz","notifpush.com","notifstation.com","notify.solutions","notix.io","ntvsw.com","olgtex.com","on-push.com","onepush.app","partishion.com","pathlime.com","popmechanic.ru","propush.net","provesrc.com","psh.one","pt.appirits.com","puscomosca.com","push-ad.com","push-engage.com","push-free.com","push-notifications.top","push.daksham.in","push.delivery","push.rollout.io","push.world","pushaddict.com","pushalert.co","pushango.com","pushassist.com","pushaya.com","pushbaza.com","pushbird.com","pushbots.com","pushbox.info","pushchev.info","pushcrew.com","pushdealer.com","pushe.co","pushengage.com","pusherapp.com","pushible.com","pushify.com","pushinpage.com","pushinstruments.com","pushio.com","pushjunky.com","pushkahouse.com","pushkaplus.com","pushloop.io","pushly.com","pushmaster-cdn.xyz","pushmejs.com","pushnews.eu","pushnotifications.click","pushouse.com","pushowl.com","pushpad.xyz","pushpanda.io","pushpro.io","pushprofit.ru","pushprospush.com","pushpushgo.com","pushstack.it","pushtide.com","pushvip.ru","pushwhy.com","pushwoosh.com","pushy.ai","quarepush.com","quaruzon.com","qushad.com","realpush.media","realpush.network","reprocautious.com","revpusher.com","sckxppzdm.com","sendpulse.com","setrowid.com","shroughtened.com","signaly.co","snd.tc","snrcdn.net","spacepush.ru","subscribers.com","system-notify.app","titanpush.com.br","topswp.com","truenat.bid","truepush.com","unative.com","urbanairship.com","viapush.com","virtualpushplatform.com","webpu.sh","webpush.jp","webpushr.com","webpushs.com","whiteclick.biz","wnpbdan.bid","wonderpush.com","worldpush.co","wps.relateddigital.com","wpush.biz","wpushsdk.com","wwclicknews.club","wwclicktm.club","xedo.me","xtremepush.com"]},"id":1,"priority":10},
{"action":{"type":"block"},"condition":{"requestDomains":["alerts.ndtv.com","alerts.thedailystar.net","my-pu.sh","notificaciones-web.com","notification.tubecup.net","notifications.viafoura.co","push.asahiinteractive.com","push.bytesignal.com","push.cnnindonesia.com","push.delivery.ethinking.de","push.esputnik.com","push.getbeamer.com","push.ictsd.org","push.idowa.de","push.intreface.com","push.knd.ro","push.neko-san.fr","push.newscraft.io","push.reamaze.com","pushme.magellanotech.it","puuush.me","widget.push.forja.ma"]},"id":2,"priority":10},
{"action":{"type":"block"},"condition":{"initiatorDomains":["joins.com","kompas.com","novayagazeta.eu","packaginginsights.com"],"urlFilter":"||gstatic.com/firebasejs/"},"id":3,"priority":10},
{"action":{"type":"block"},"condition":{"requestDomains":["cliengo.com","collectcdn.com","tars-file-upload.s3.amazonaws.com","tidiochat.com"],"resourceTypes":["media"]},"id":4,"priority":10},
{"action":{"type":"allow"},"condition":{"initiatorDomains":["dairyqueen.com","deezer.com"],"urlFilter":"||braze.com/api/"},"id":5,"priority":30},
{"action":{"type":"block"},"condition":{"initiatorDomains":["birdeye.com"],"urlFilter":"||cloudfront.net/prod/media/"},"id":6,"priority":10},
{"action":{"type":"block"},"condition":{"initiatorDomains":["tribunnews.com"],"resourceTypes":["script"],"urlFilter":"/firebase-messaging.js"},"id":7,"priority":10},
{"action":{"type":"block"},"condition":{"initiatorDomains":["iltalehti.fi"],"resourceTypes":["script"],"urlFilter":"||assets.ilcdn.fi/questback.popup-"},"id":8,"priority":10},
{"action":{"type":"block"},"condition":{"initiatorDomains":["oct8ne.com"],"resourceTypes":["media"],"urlFilter":"||azureedge.neti^"},"id":9,"priority":10},
{"action":{"type":"block"},"condition":{"initiatorDomains":["bankofamerica.com"],"resourceTypes":["media"],"urlFilter":"||bac-assets.com/chat/spa-assets/"},"id":10,"priority":10},
{"action":{"type":"block"},"condition":{"initiatorDomains":["bankofamerica.com"],"resourceTypes":["media"],"urlFilter":"||bac-assets.com/spa/widgets/www-chat/"},"id":11,"priority":10},
{"action":{"type":"allow"},"condition":{"initiatorDomains":["komputronik.pl"],"urlFilter":"||snrcdn.net/sdk/3.0/synerise-javascript-sdk.min.js"},"id":12,"priority":30},
{"action":{"type":"allow"},"condition":{"initiatorDomains":["zakzak.co.jp"],"urlFilter":"||webpush.jp/js/browserpushv3.js"},"id":13,"priority":30},
{"action":{"type":"allow"},"condition":{"initiatorDomains":["ok.ru"],"resourceTypes":["script"],"urlFilter":"||st.mycdn.me/static/*/webpush.js"},"id":14,"priority":30},
{"action":{"type":"block"},"condition":{"excludedInitiatorDomains":["github.com"],"urlFilter":"-push-notification."},"id":15,"priority":10},
{"action":{"type":"block"},"condition":{"excludedInitiatorDomains":["github.com"],"urlFilter":"-push-notification/"},"id":16,"priority":10},
{"action":{"type":"block"},"condition":{"urlFilter":"/accusmartwebpush-fire-push-public.js"},"id":17,"priority":10},
{"action":{"type":"block"},"condition":{"urlFilter":"/al-fb-notification/assets/scripts/al-main-script.js"},"id":18,"priority":10},
{"action":{"type":"block"},"condition":{"urlFilter":"/amp-user-notification-"},"id":19,"priority":10},
{"action":{"type":"block"},"condition":{"urlFilter":"/amp-web-push-0.1.js"},"id":20,"priority":10},
{"action":{"type":"block"},"condition":{"urlFilter":"/assets/www/notification."},"id":21,"priority":10},
{"action":{"type":"block"},"condition":{"urlFilter":"/build/push.js"},"id":22,"priority":10},
{"action":{"type":"block"},"condition":{"urlFilter":"/checkpush.js"},"id":23,"priority":10},
{"action":{"type":"block"},"condition":{"urlFilter":"/content/js/push.js"},"id":24,"priority":10},
{"action":{"type":"block"},"condition":{"urlFilter":"/fcmpush.js"},"id":25,"priority":10},
{"action":{"type":"block"},"condition":{"urlFilter":"/feedifysw.js"},"id":26,"priority":10},
{"action":{"type":"block"},"condition":{"urlFilter":"/flying_push.js"},"id":27,"priority":10},
{"action":{"type":"block"},"condition":{"urlFilter":"/ilabspush.min.js"},"id":28,"priority":10},
{"action":{"type":"block"},"condition":{"urlFilter":"/inpl.webpush.js"},"id":29,"priority":10},
{"action":{"type":"block"},"condition":{"urlFilter":"/jquery-notification.js"},"id":30,"priority":10},
{"action":{"type":"block"},"condition":{"urlFilter":"/jsb/pushnotifications?"},"id":31,"priority":10},
{"action":{"type":"block"},"condition":{"urlFilter":"/list_notificaciones.php"},"id":32,"priority":10},
{"action":{"type":"block"},"condition":{"urlFilter":"/maximizly-push.js"},"id":33,"priority":10},
{"action":{"type":"block"},"condition":{"urlFilter":"/mp-web-notification.js"},"id":34,"priority":10},
{"action":{"type":"block"},"condition":{"urlFilter":"/notifee/notifee.js"},"id":35,"priority":10},
{"action":{"type":"block"},"condition":{"urlFilter":"/notification-prod-sw.js"},"id":36,"priority":10},
{"action":{"type":"block"},"condition":{"urlFilter":"/notification-sw.js"},"id":37,"priority":10},
{"action":{"type":"block"},"condition":{"urlFilter":"/notification/notify.js"},"id":38,"priority":10},
{"action":{"type":"block"},"condition":{"urlFilter":"/notifyme.js"},"id":39,"priority":10},
{"action":{"type":"block"},"condition":{"urlFilter":"/notifyme.min.js"},"id":40,"priority":10},
{"action":{"type":"block"},"condition":{"urlFilter":"/one-signal.js"},"id":41,"priority":10},
{"action":{"type":"block"},"condition":{"urlFilter":"/one-signal.min.js"},"id":42,"priority":10},
{"action":{"type":"block"},"condition":{"urlFilter":"/onesignal.js"},"id":43,"priority":10},
{"action":{"type":"block"},"condition":{"urlFilter":"/onesignal.min."},"id":44,"priority":10},
{"action":{"type":"block"},"condition":{"urlFilter":"/onesignal/manifest."},"id":45,"priority":10},
{"action":{"type":"block"},"condition":{"urlFilter":"/onesignalfix.js"},"id":46,"priority":10},
{"action":{"type":"block"},"condition":{"urlFilter":"/onesignalsdkupdaterworker.js"},"id":47,"priority":10},
{"action":{"type":"block"},"condition":{"urlFilter":"/onesignalsdkworker.js"},"id":48,"priority":10},
{"action":{"type":"block"},"condition":{"urlFilter":"/perfecty-push-sdk.min.js"},"id":49,"priority":10},
{"action":{"type":"block"},"condition":{"urlFilter":"/plugins/tfnotifier-wp/swloader.php"},"id":50,"priority":10},
{"action":{"type":"block"},"condition":{"urlFilter":"/push-notification.js"},"id":51,"priority":10},
{"action":{"type":"block"},"condition":{"urlFilter":"/push-notification.min.js"},"id":52,"priority":10},
{"action":{"type":"block"},"condition":{"excludedInitiatorDomains":["upwork.com"],"urlFilter":"/push-notification/"},"id":53,"priority":10},
{"action":{"type":"block"},"condition":{"excludedResourceTypes":["main_frame","stylesheet"],"urlFilter":"/push-notifications."},"id":54,"priority":10},
{"action":{"type":"block"},"condition":{"urlFilter":"/push-notifications/"},"id":55,"priority":10},
{"action":{"type":"block"},"condition":{"urlFilter":"/push-notifications?"},"id":56,"priority":10},
{"action":{"type":"block"},"condition":{"urlFilter":"/push-sw.js"},"id":57,"priority":10},
{"action":{"type":"block"},"condition":{"urlFilter":"/push-wrap.js"},"id":58,"priority":10},
{"action":{"type":"block"},"condition":{"urlFilter":"/push/sbscr.js"},"id":59,"priority":10},
{"action":{"type":"block"},"condition":{"urlFilter":"/push/sbscrp.js"},"id":60,"priority":10},
{"action":{"type":"block"},"condition":{"urlFilter":"/push/subscribe.js"},"id":61,"priority":10},
{"action":{"type":"block"},"condition":{"urlFilter":"/push_app.js"},"id":62,"priority":10},
{"action":{"type":"block"},"condition":{"urlFilter":"/push_notification.js"},"id":63,"priority":10},
{"action":{"type":"block"},"condition":{"urlFilter":"/push_notification.min.js"},"id":64,"priority":10},
{"action":{"type":"block"},"condition":{"urlFilter":"/push_notification/"},"id":65,"priority":10},
{"action":{"type":"block"},"condition":{"urlFilter":"/push_notifications.js"},"id":66,"priority":10},
{"action":{"type":"block"},"condition":{"urlFilter":"/push_subscription.js"},"id":67,"priority":10},
{"action":{"type":"block"},"condition":{"urlFilter":"/pushengine.js"},"id":68,"priority":10},
{"action":{"type":"block"},"condition":{"urlFilter":"/pushes/firebase.js"},"id":69,"priority":10},
{"action":{"type":"block"},"condition":{"urlFilter":"/pushes/notification.js"},"id":70,"priority":10},
{"action":{"type":"block"},"condition":{"urlFilter":"/pushexsdk.js"},"id":71,"priority":10},
{"action":{"type":"block"},"condition":{"urlFilter":"/pushly-sdk.min.js"},"id":72,"priority":10},
{"action":{"type":"block"},"condition":{"urlFilter":"/pushnotification.js"},"id":73,"priority":10},
{"action":{"type":"block"},"condition":{"urlFilter":"/pushnotifications.js"},"id":74,"priority":10},
{"action":{"type":"block"},"condition":{"urlFilter":"/pushnotifications/"},"id":75,"priority":10},
{"action":{"type":"block"},"condition":{"urlFilter":"/pushnotificationsdkjs.js"},"id":76,"priority":10},
{"action":{"type":"block"},"condition":{"urlFilter":"/pushpro-lib.js"},"id":77,"priority":10},
{"action":{"type":"block"},"condition":{"urlFilter":"/pushsubscribe.js"},"id":78,"priority":10},
{"action":{"type":"block"},"condition":{"urlFilter":"/pushup-notification/push-app.js"},"id":79,"priority":10},
{"action":{"type":"block"},"condition":{"urlFilter":"/pushup-notification/push-messaging.js"},"id":80,"priority":10},
{"action":{"type":"block"},"condition":{"urlFilter":"/pushv2.js"},"id":81,"priority":10},
{"action":{"type":"block"},"condition":{"urlFilter":"/pushwoosh-service-worker.js"},"id":82,"priority":10},
{"action":{"type":"block"},"condition":{"urlFilter":"/pushwoosh-web-notifications.js"},"id":83,"priority":10},
{"action":{"type":"block"},"condition":{"urlFilter":"/pushwoosh-web-pushes-http-sdk.js"},"id":84,"priority":10},
{"action":{"type":"block"},"condition":{"urlFilter":"/pushy-ver.js"},"id":85,"priority":10},
{"action":{"type":"block"},"condition":{"urlFilter":"/site-notification-desk.min.js"},"id":86,"priority":10},
{"action":{"type":"block"},"condition":{"urlFilter":"/smio-push-notification/js/frontend_webpush.js"},"id":87,"priority":10},
{"action":{"type":"block"},"condition":{"urlFilter":"/subscribe-push-notifications.js"},"id":88,"priority":10},
{"action":{"type":"block"},"condition":{"urlFilter":"/web-push-notifications.js"},"id":89,"priority":10},
{"action":{"type":"block"},"condition":{"urlFilter":"/web-push.js"},"id":90,"priority":10},
{"action":{"type":"block"},"condition":{"urlFilter":"/web-push/init.min.js"},"id":91,"priority":10},
{"action":{"type":"block"},"condition":{"urlFilter":"/webalert-notification.js"},"id":92,"priority":10},
{"action":{"type":"block"},"condition":{"urlFilter":"/webnotf.js"},"id":93,"priority":10},
{"action":{"type":"block"},"condition":{"urlFilter":"/webnotification.js"},"id":94,"priority":10},
{"action":{"type":"block"},"condition":{"urlFilter":"/webpush-production.js"},"id":95,"priority":10},
{"action":{"type":"block"},"condition":{"urlFilter":"/webpush.js"},"id":96,"priority":10},
{"action":{"type":"block"},"condition":{"urlFilter":"/webpush.min.js"},"id":97,"priority":10},
{"action":{"type":"block"},"condition":{"urlFilter":"/webpush_register.php"},"id":98,"priority":10},
{"action":{"type":"block"},"condition":{"urlFilter":"/webpushnotifications.js"},"id":99,"priority":10},
{"action":{"type":"block"},"condition":{"urlFilter":"/wonderpush-loader.min.js"},"id":100,"priority":10},
{"action":{"type":"block"},"condition":{"urlFilter":"/wonderpush.js"},"id":101,"priority":10},
{"action":{"type":"block"},"condition":{"urlFilter":"/wonderpush.min.js"},"id":102,"priority":10},
{"action":{"type":"block"},"condition":{"urlFilter":"/wordpress-fire-push-public.js"},"id":103,"priority":10},
{"action":{"type":"block"},"condition":{"urlFilter":"/wp-notification-bars-public.js"},"id":104,"priority":10},
{"action":{"type":"block"},"condition":{"urlFilter":"/jquery.androidbanner.js"},"id":105,"priority":10},
{"action":{"type":"block"},"condition":{"urlFilter":"/js/jquery.smartbanner.js|"},"id":106,"priority":10},
{"action":{"type":"block"},"condition":{"urlFilter":"/js/jquery.smartbanner.min.js|"},"id":107,"priority":10},
{"action":{"type":"block"},"condition":{"urlFilter":"/mobiledownloadbanner.js"},"id":108,"priority":10},
{"action":{"type":"block"},"condition":{"urlFilter":"/smart-app-banner.js"},"id":109,"priority":10},
{"action":{"type":"block"},"condition":{"urlFilter":"||azureedge.net/js/cookie_notificacao.min.js"},"id":110,"priority":10},
{"action":{"type":"block"},"condition":{"urlFilter":"||surveymonkey.com/fides.js"},"id":111,"priority":10},
{"action":{"type":"block"},"condition":{"urlFilter":"||medallia.com^*/onsite/embed.js"},"id":112,"priority":10},
{"action":{"type":"block"},"condition":{"urlFilter":"||ternairsoftware.com/publicwebpush/"},"id":113,"priority":10},
{"action":{"type":"block"},"condition":{"urlFilter":"||viafoura.net/push_handlers.js"},"id":114,"priority":10},
{"action":{"type":"block"},"condition":{"urlFilter":"||youlead.pl/webpushprompt.js"},"id":115,"priority":10},
{"action":{"type":"block"},"condition":{"urlFilter":"||amazonaws.com/cdn.aimtell.com/"},"id":116,"priority":10},
{"action":{"type":"block"},"condition":{"urlFilter":"||app.adjust.net.in/smart_banner"},"id":117,"priority":10},
{"action":{"type":"block"},"condition":{"urlFilter":"||acquire.io/assets/sound/"},"id":118,"priority":10},
{"action":{"type":"block"},"condition":{"urlFilter":"||app.chaport.com/sounds/"},"id":119,"priority":10},
{"action":{"type":"block"},"condition":{"urlFilter":"||app.chatwoot.com/audio/"},"id":120,"priority":10},
{"action":{"type":"block"},"condition":{"urlFilter":"||app.onlim.com/app/assets/audios/"},"id":121,"priority":10},
{"action":{"type":"block"},"condition":{"urlFilter":"||appspot.com/sounds/chatmsg.mp3"},"id":122,"priority":10},
{"action":{"type":"block"},"condition":{"urlFilter":"||assets.chaport.com/sounds/"},"id":123,"priority":10},
{"action":{"type":"block"},"condition":{"urlFilter":"||callback24.io/sounds/"},"id":124,"priority":10},
{"action":{"type":"block"},"condition":{"urlFilter":"||carrotquest.app/sounds/"},"id":125,"priority":10},
{"action":{"type":"block"},"condition":{"urlFilter":"||cdn-widget.callpage.io/build/sounds/"},"id":126,"priority":10},
{"action":{"type":"block"},"condition":{"urlFilter":"||chatango.com/pcache/sounds/"},"id":127,"priority":10},
{"action":{"type":"block"},"condition":{"urlFilter":"||chatplus.jp/app/s/sound/"},"id":128,"priority":10},
{"action":{"type":"block"},"condition":{"urlFilter":"||chatwidget-prod.web.app/sounds/"},"id":129,"priority":10},
{"action":{"type":"block"},"condition":{"urlFilter":"||cleversite.ru/client/default/sound/"},"id":130,"priority":10},
{"action":{"type":"block"},"condition":{"urlFilter":"||clustertextilzgz.com/catalogoborman/ca-web/mobile/style/raw/flipsound.ogg"},"id":131,"priority":10},
{"action":{"type":"block"},"condition":{"urlFilter":"||contivio.com/chat2/audio/"},"id":132,"priority":10},
{"action":{"type":"block"},"condition":{"urlFilter":"||cpmlink.net/audio.mp3"},"id":133,"priority":10},
{"action":{"type":"block"},"condition":{"urlFilter":"||cpmlink.net/go/assets/audio/audio.mp3"},"id":134,"priority":10},
{"action":{"type":"block"},"condition":{"urlFilter":"||crisp.chat/static/sounds/"},"id":135,"priority":10},
{"action":{"type":"block"},"condition":{"urlFilter":"||czater.pl/assets/sounds/"},"id":136,"priority":10},
{"action":{"type":"block"},"condition":{"urlFilter":"||driftqa.com/conductor/assets/media/"},"id":137,"priority":10},
{"action":{"type":"block"},"condition":{"urlFilter":"||echatsys.com/sounds/"},"id":138,"priority":10},
{"action":{"type":"block"},"condition":{"urlFilter":"||formilla.com/remoteassets/media/"},"id":139,"priority":10},
{"action":{"type":"block"},"condition":{"urlFilter":"||gubagoo.io/v4/media/"},"id":140,"priority":10},
{"action":{"type":"block"},"condition":{"urlFilter":"||helpcrunch.com/sounds/"},"id":141,"priority":10},
{"action":{"type":"block"},"condition":{"urlFilter":"||helpscout.net/static/ui-sounds/"},"id":142,"priority":10},
{"action":{"type":"block"},"condition":{"urlFilter":"||jack.bio/click.mp3"},"id":143,"priority":10},
{"action":{"type":"block"},"condition":{"urlFilter":"||jivo.ru/sounds/"},"id":144,"priority":10},
{"action":{"type":"block"},"condition":{"urlFilter":"||jivosite.com/sounds/"},"id":145,"priority":10},
{"action":{"type":"block"},"condition":{"urlFilter":"||js.driftt.com/conductor/assets/media/"},"id":146,"priority":10},
{"action":{"type":"block"},"condition":{"urlFilter":"||js.driftt.com/deploy/assets/static/audio/"},"id":147,"priority":10},
{"action":{"type":"block"},"condition":{"urlFilter":"||js.intercomcdn.com/audio/"},"id":148,"priority":10},
{"action":{"type":"block"},"condition":{"urlFilter":"||live2support.com/uploads/sound/"},"id":149,"priority":10},
{"action":{"type":"block"},"condition":{"urlFilter":"||livechatinc.com/widget/static/media/"},"id":150,"priority":10},
{"action":{"type":"block"},"condition":{"urlFilter":"||me-talk.ru/support/sounds/"},"id":151,"priority":10},
{"action":{"type":"block"},"condition":{"urlFilter":"||polaria.ai/sounds/"},"id":152,"priority":10},
{"action":{"type":"block"},"condition":{"urlFilter":"||purechatcdn.com/content/audio/"},"id":153,"priority":10},
{"action":{"type":"block"},"condition":{"urlFilter":"||quicktext.im/assets/audio/"},"id":154,"priority":10},
{"action":{"type":"block"},"condition":{"urlFilter":"||raychat.io/assets/widget/audio/"},"id":155,"priority":10},
{"action":{"type":"block"},"condition":{"urlFilter":"||reamaze.com/audio/"},"id":156,"priority":10},
{"action":{"type":"block"},"condition":{"urlFilter":"||revechat.com/client/sound/"},"id":157,"priority":10},
{"action":{"type":"block"},"condition":{"urlFilter":"||richpanel.com/audio/"},"id":158,"priority":10},
{"action":{"type":"block"},"condition":{"urlFilter":"||salesmartly.com/sounds/"},"id":159,"priority":10},
{"action":{"type":"block"},"condition":{"urlFilter":"||smartsuppcdn.com/assets/sounds/"},"id":160,"priority":10},
{"action":{"type":"block"},"condition":{"urlFilter":"||snapengage.com/sounds/"},"id":161,"priority":10},
{"action":{"type":"block"},"condition":{"urlFilter":"||static.olark.com/jsclient/sounds/"},"id":162,"priority":10},
{"action":{"type":"block"},"condition":{"urlFilter":"||tawk.to/*/audio/"},"id":163,"priority":10},
{"action":{"type":"block"},"condition":{"urlFilter":"||userbot.ai/widget-chat/dist/audio/"},"id":164,"priority":10},
{"action":{"type":"block"},"condition":{"urlFilter":"||userway.org/widgetapp/sounds/"},"id":165,"priority":10},
{"action":{"type":"block"},"condition":{"urlFilter":"||widget.insent.ai/static/media/"},"id":166,"priority":10},
{"action":{"type":"block"},"condition":{"urlFilter":"||wpengine.com/wp-content/mu-plugins/wpengine-dotcom/audio/"},"id":167,"priority":10},
{"action":{"type":"block"},"condition":{"urlFilter":"||zohocdn.com/salesiq/*/sound/"},"id":168,"priority":10},
{"action":{"type":"block"},"condition":{"urlFilter":"||zopim.com/widget/sounds/"},"id":169,"priority":10},
{"action":{"type":"block"},"condition":{"urlFilter":"||9to5terminal.com/push.js"},"id":170,"priority":10},
{"action":{"type":"block"},"condition":{"urlFilter":"||abendpoint.com/dist/js/push.js"},"id":171,"priority":10},
{"action":{"type":"block"},"condition":{"urlFilter":"||alibaba.com/sw.js"},"id":172,"priority":10},
{"action":{"type":"block"},"condition":{"urlFilter":"||anewz.tv/firebase-messaging-sw.js"},"id":173,"priority":10},
{"action":{"type":"block"},"condition":{"urlFilter":"||annahar.com/assets/js/notifications.js"},"id":174,"priority":10},
{"action":{"type":"block"},"condition":{"urlFilter":"||astian.org/?push_notification_sw"},"id":175,"priority":10},
{"action":{"type":"block"},"condition":{"urlFilter":"||bdstatic.com/linksubmit/push.js"},"id":176,"priority":10},
{"action":{"type":"block"},"condition":{"urlFilter":"||dailymail.co.uk/api/web-push-notification/"},"id":177,"priority":10},
{"action":{"type":"block"},"condition":{"urlFilter":"||diabetes.co.uk/wp-content/themes/spotlight/src/sw.js"},"id":178,"priority":10},
{"action":{"type":"block"},"condition":{"urlFilter":"||gadgetsnow.com/sw.cms"},"id":179,"priority":10},
{"action":{"type":"block"},"condition":{"urlFilter":"||hindustantimes.com/messaging-sw.js"},"id":180,"priority":10},
{"action":{"type":"block"},"condition":{"urlFilter":"||hindustantimes.com/sw.js"},"id":181,"priority":10},
{"action":{"type":"block"},"condition":{"urlFilter":"||hindustantimes.com^*/ht-notification-"},"id":182,"priority":10},
{"action":{"type":"block"},"condition":{"urlFilter":"||hulkprod.anm.co.uk/api/web-push-notification/"},"id":183,"priority":10},
{"action":{"type":"block"},"condition":{"urlFilter":"||indiatimes.com/pn/"},"id":184,"priority":10},
{"action":{"type":"block"},"condition":{"urlFilter":"||iol.co.za/sw.js"},"id":185,"priority":10},
{"action":{"type":"block"},"condition":{"urlFilter":"||kogan.com/sw.js"},"id":186,"priority":10},
{"action":{"type":"block"},"condition":{"urlFilter":"||latestdeals.co.uk/sw.js"},"id":187,"priority":10},
{"action":{"type":"block"},"condition":{"urlFilter":"||msn.com/bundles/v1/homepage/latest/experiences_conditional-banner"},"id":188,"priority":10},
{"action":{"type":"block"},"condition":{"urlFilter":"||ndtv.com/js/breaking_pushalert_revised.js"},"id":189,"priority":10},
{"action":{"type":"block"},"condition":{"urlFilter":"||ndtv.com/sw.js"},"id":190,"priority":10},
{"action":{"type":"block"},"condition":{"urlFilter":"||newsukraine.rbc.ua/sworker.js"},"id":191,"priority":10},
{"action":{"type":"block"},"condition":{"urlFilter":"||nookazon.com/firebase-messaging-sw.js"},"id":192,"priority":10},
{"action":{"type":"block"},"condition":{"urlFilter":"||pcguide.com/sp-push-worker-fb.js"},"id":193,"priority":10},
{"action":{"type":"block"},"condition":{"urlFilter":"||pinterest.com/sw.js"},"id":194,"priority":10},
{"action":{"type":"block"},"condition":{"urlFilter":"||renaultsport.com/spip.php?page=sw.js"},"id":195,"priority":10},
{"action":{"type":"block"},"condition":{"urlFilter":"||rottentomatoes.com/service-worker/sw.js"},"id":196,"priority":10},
{"action":{"type":"block"},"condition":{"urlFilter":"||rt.com/homescreen-sw.js"},"id":197,"priority":10},
{"action":{"type":"block"},"condition":{"urlFilter":"||sammobile.com/wp-content/plugins/sam-push-notifications/"},"id":198,"priority":10},
{"action":{"type":"block"},"condition":{"urlFilter":"||scmp.com/sw.js"},"id":199,"priority":10},
{"action":{"type":"block"},"condition":{"urlFilter":"||sportskeeda.com/js/production/web-notifications/"},"id":200,"priority":10},
{"action":{"type":"block"},"condition":{"urlFilter":"||techwalla.com/push-service-worker.js"},"id":201,"priority":10},
{"action":{"type":"block"},"condition":{"urlFilter":"||telegraphindia.com/akam-sw.js"},"id":202,"priority":10},
{"action":{"type":"block"},"condition":{"urlFilter":"||timesnownews.com/sw.js"},"id":203,"priority":10},
{"action":{"type":"block"},"condition":{"urlFilter":"||ultimedia.com/js/common/notification.js"},"id":204,"priority":10},
{"action":{"type":"block"},"condition":{"urlFilter":"||weather.com/*.medalliasurvey."},"id":205,"priority":10},
{"action":{"type":"block"},"condition":{"urlFilter":"||wepc.com/sp-push-worker-fb.js"},"id":206,"priority":10},
{"action":{"type":"block"},"condition":{"urlFilter":"||0564.ua/assets/d6ade384/js/alertswidget.js"},"id":207,"priority":10},
{"action":{"type":"block"},"condition":{"urlFilter":"||ad-hoc-news.de/js/push.js"},"id":208,"priority":10},
{"action":{"type":"block"},"condition":{"urlFilter":"||agazeta.com.br/assets/javascript/notification.js"},"id":209,"priority":10},
{"action":{"type":"block"},"condition":{"urlFilter":"||cnnindonesia.com/sw.js"},"id":210,"priority":10},
{"action":{"type":"block"},"condition":{"urlFilter":"||dcnews.ro/sm-"},"id":211,"priority":10},
{"action":{"type":"block"},"condition":{"urlFilter":"||elpais.com.uy/utms.js"},"id":212,"priority":10},
{"action":{"type":"block"},"condition":{"urlFilter":"||flashscore.fr^*/build/notifications."},"id":213,"priority":10},
{"action":{"type":"block"},"condition":{"urlFilter":"||futura-sciences.com/clientscript/push.js"},"id":214,"priority":10},
{"action":{"type":"block"},"condition":{"urlFilter":"||horoscope.fr/notifications/"},"id":215,"priority":10},
{"action":{"type":"block"},"condition":{"urlFilter":"||informazione.it/wr/promo-miainfo.js"},"id":216,"priority":10},
{"action":{"type":"block"},"condition":{"urlFilter":"||japan.cnet.com/static/js/webpush/push.js"},"id":217,"priority":10},
{"action":{"type":"block"},"condition":{"urlFilter":"||kompas.com/firebase-messaging-sw.js"},"id":218,"priority":10},
{"action":{"type":"block"},"condition":{"urlFilter":"||metrobilbao.eus/firebase-messaging-sw.js"},"id":219,"priority":10},
{"action":{"type":"block"},"condition":{"urlFilter":"||tio.ch/js/api.push.js"},"id":220,"priority":10},
{"action":{"type":"block"},"condition":{"urlFilter":"||tutto.tv/wp-content/plugins/plugin-notifiche-"},"id":221,"priority":10},
{"action":{"type":"block"},"condition":{"urlFilter":"||uchubiz.com/wp-content/themes/uchubiz/assets/js/push.js"},"id":222,"priority":10},
{"action":{"type":"block"},"condition":{"urlFilter":"||winnipegfreepress.com/firebase-messaging-sw.js"},"id":223,"priority":10},
{"action":{"type":"block"},"condition":{"urlFilter":"||baby-calendar.jp/nazuke/img/app/header_"},"id":224,"priority":10},
{"action":{"type":"block"},"condition":{"urlFilter":"||browser.geekbench.com/assets/ads/"},"id":225,"priority":10},
{"action":{"type":"block"},"condition":{"urlFilter":"||static.chrono24.com/lib/generated/js/app-hint-layer."},"id":226,"priority":10},
{"action":{"type":"block"},"condition":{"urlFilter":"||tapcart.com/mobile-download-banner/banner-min.js"},"id":227,"priority":10},
{"action":{"type":"block"},"condition":{"resourceTypes":["script"],"urlFilter":"/push-worker-"},"id":228,"priority":10},
{"action":{"type":"block"},"condition":{"resourceTypes":["script"],"urlFilter":"/js-mobile-*/header_"},"id":229,"priority":10},
{"action":{"type":"block"},"condition":{"resourceTypes":["script"],"urlFilter":"/mobile-welcome-overlay/"},"id":230,"priority":10},
{"action":{"type":"block"},"condition":{"resourceTypes":["script"],"urlFilter":"||imyfone.com/*/notification/"},"id":231,"priority":10},
{"action":{"type":"block"},"condition":{"resourceTypes":["script"],"urlFilter":"||seattletimes.com/wp-content/plugins/st-user-messaging/"},"id":232,"priority":10},
{"action":{"type":"block"},"condition":{"resourceTypes":["xmlhttprequest"],"urlFilter":"/app-banner/"},"id":233,"priority":10},
{"action":{"type":"block"},"condition":{"resourceTypes":["media"],"urlFilter":"||amazonaws.com/alive5cdn/"},"id":234,"priority":10},
{"action":{"type":"block"},"condition":{"resourceTypes":["media"],"urlFilter":"||apex.live/media/"},"id":235,"priority":10},
{"action":{"type":"block"},"condition":{"resourceTypes":["media"],"urlFilter":"||assetscdn-wchat.freshchat.com/static/assets/"},"id":236,"priority":10},
{"action":{"type":"block"},"condition":{"resourceTypes":["media"],"urlFilter":"||carchat24.com/inpagechat/audio/"},"id":237,"priority":10},
{"action":{"type":"block"},"condition":{"resourceTypes":["media"],"urlFilter":"||cariai.com/webclient/pages/3"},"id":238,"priority":10},
{"action":{"type":"block"},"condition":{"resourceTypes":["media"],"urlFilter":"||channel.io/plugin/"},"id":239,"priority":10},
{"action":{"type":"block"},"condition":{"resourceTypes":["media"],"urlFilter":"||chat.octadesk.services/embed/static/media/"},"id":240,"priority":10},
{"action":{"type":"block"},"condition":{"resourceTypes":["media"],"urlFilter":"||chatbot.denizbank.com/content/media/"},"id":241,"priority":10},
{"action":{"type":"block"},"condition":{"resourceTypes":["media"],"urlFilter":"||d7keiwzj12p9.cloudfront.net/widget-sounds/"},"id":242,"priority":10},
{"action":{"type":"block"},"condition":{"resourceTypes":["media"],"urlFilter":"||fxcity.pl/images/mp4/"},"id":243,"priority":10},
{"action":{"type":"block"},"condition":{"resourceTypes":["media"],"urlFilter":"||goftino.com/static/assets/"},"id":244,"priority":10},
{"action":{"type":"block"},"condition":{"resourceTypes":["media"],"urlFilter":"||intelliticks.com/prod/common/"},"id":245,"priority":10},
{"action":{"type":"block"},"condition":{"resourceTypes":["media"],"urlFilter":"||kommunicate.io/kommunicate/"},"id":246,"priority":10},
{"action":{"type":"block"},"condition":{"resourceTypes":["media"],"urlFilter":"||leadback.ru/sounds/"},"id":247,"priority":10},
{"action":{"type":"block"},"condition":{"resourceTypes":["media"],"urlFilter":"||leadgenic.ru/production/"},"id":248,"priority":10},
{"action":{"type":"block"},"condition":{"resourceTypes":["media"],"urlFilter":"||livebeep.com/visitor/events/"},"id":249,"priority":10},
{"action":{"type":"block"},"condition":{"resourceTypes":["media"],"urlFilter":"||lpsnmedia.net/le_unified_window/"},"id":250,"priority":10},
{"action":{"type":"block"},"condition":{"resourceTypes":["media"],"urlFilter":"||nice-incontact.com/incontact/chatclient/"},"id":251,"priority":10},
{"action":{"type":"block"},"condition":{"resourceTypes":["media"],"urlFilter":"||phenompeople.com/txm-bot/prod/"},"id":252,"priority":10},
{"action":{"type":"block"},"condition":{"resourceTypes":["media"],"urlFilter":"||qualified.com/packs/"},"id":253,"priority":10},
{"action":{"type":"block"},"condition":{"resourceTypes":["media"],"urlFilter":"||static.widget.trengo.eu/assets/"},"id":254,"priority":10},
{"action":{"type":"block"},"condition":{"resourceTypes":["media"],"urlFilter":"||streamwood.ru/img/"},"id":255,"priority":10},
{"action":{"type":"block"},"condition":{"resourceTypes":["media"],"urlFilter":"||widget.awhy.it/chat/img/"},"id":256,"priority":10},
{"action":{"type":"block"},"condition":{"resourceTypes":["media"],"urlFilter":"||widgets.binotel.com/w/chat/"},"id":257,"priority":10},
{"action":{"type":"block"},"condition":{"resourceTypes":["media"],"urlFilter":"||zdassets.com/web_widget/"},"id":258,"priority":10},
{"action":{"type":"block"},"condition":{"resourceTypes":["media"],"urlFilter":"||zyratalk.com/contractorschatbot/"},"id":259,"priority":10},
{"action":{"type":"block"},"condition":{"domainType":"thirdParty","urlFilter":"||contentsitesrv.com/js/push/"},"id":260,"priority":10},
{"action":{"type":"block"},"condition":{"domainType":"thirdParty","resourceTypes":["script"],"urlFilter":"||jubi.ai/buttonbot/"},"id":261,"priority":10},
{"action":{"type":"allow"},"condition":{"domainType":"firstParty","urlFilter":"||creator.klarna.com/plugins/onesignal-cordova-plugin/www/onesignal.js"},"id":262,"priority":30},
{"action":{"type":"allow"},"condition":{"domainType":"firstParty","urlFilter":"||fortnitedb.com/js/v3/onesignal.js"},"id":263,"priority":30},
{"action":{"type":"allow"},"condition":{"domainType":"firstParty","urlFilter":"||oakley.com^*/notifications.js"},"id":264,"priority":30},
{"action":{"type":"allow"},"condition":{"domainType":"firstParty","urlFilter":"||weekend.ee/static/*/push-notifications.chunk.js"},"id":265,"priority":30},
{"action":{"type":"allow"},"condition":{"domainType":"firstParty","urlFilter":"||anadolu.edu.tr/assets/js/jquery.smartbanner.js"},"id":266,"priority":30},
{"action":{"type":"allow"},"condition":{"domainType":"firstParty","urlFilter":"||assure.ameli.fr^*/smart-app-banner.js"},"id":267,"priority":30},
{"action":{"type":"allow"},"condition":{"domainType":"firstParty","urlFilter":"||frankonia.de/js/lib/smart-app-banner.js"},"id":268,"priority":30},
{"action":{"type":"allow"},"condition":{"domainType":"firstParty","urlFilter":"||kinepolis.*/js/smart-app-banner.js"},"id":269,"priority":30},
{"action":{"type":"allow"},"condition":{"domainType":"firstParty","resourceTypes":["script"],"urlFilter":"||bostonherald.com^*/webpush.js"},"id":270,"priority":30},
{"action":{"type":"allow"},"condition":{"domainType":"firstParty","resourceTypes":["script"],"urlFilter":"||inevent.com/js/wizard/pushnotification.js"},"id":271,"priority":30},
{"action":{"type":"allow"},"condition":{"domainType":"firstParty","resourceTypes":["script"],"urlFilter":"||ledevoir.com/js/web-push.js"},"id":272,"priority":30},
{"action":{"type":"allow"},"condition":{"domainType":"firstParty","resourceTypes":["script"],"urlFilter":"||mafia.ua/js/jquery.smartbanner.js"},"id":273,"priority":30},
{"action":{"type":"allow"},"condition":{"domainType":"firstParty","resourceTypes":["script"],"urlFilter":"||mirage.ru/js/jquery.smartbanner.js"},"id":274,"priority":30},
{"action":{"type":"block"},"condition":{"urlFilter":"/webpush-client/webpush-client.min.js"},"id":275,"priority":10},
{"action":{"type":"block"},"condition":{"urlFilter":"/mobile-app-invite-banner.umd.min.js"},"id":276,"priority":10},
{"action":{"type":"block"},"condition":{"urlFilter":"||strettoweb.com/notifiche/"},"id":277,"priority":10},
{"action":{"type":"block"},"condition":{"urlFilter":"/webpush_service-worker.js"},"id":278,"priority":10},
{"action":{"type":"block"},"condition":{"urlFilter":"||cdnapps.avada.io/faq/sounds/"},"id":279,"priority":10}
]
