[
{"action":{"type":"block"},"condition":{"requestDomains":["a.actualno.com","adsy.mail.bg","b.grabo.bg","com.nxtras.banner.imagerotator","profitshare.bg"]},"id":1,"priority":10},
{"action":{"type":"block"},"condition":{"urlFilter":"bannerclick.aspx?id="},"id":2,"priority":10},
{"action":{"type":"block"},"condition":{"urlFilter":"/bannerscstm/"},"id":3,"priority":10},
{"action":{"type":"block"},"condition":{"excludedResourceTypes":["image","main_frame"],"urlFilter":"/banners/*.jpg"},"id":4,"priority":10},
{"action":{"type":"block"},"condition":{"urlFilter":"b.*/ban/"},"id":5,"priority":10},
{"action":{"type":"block"},"condition":{"urlFilter":"/catalog/images/baner*.gif"},"id":6,"priority":10},
{"action":{"type":"block"},"condition":{"urlFilter":"/cgi-bin/banner.cgi"},"id":7,"priority":10},
{"action":{"type":"block"},"condition":{"urlFilter":"/design/images/banner/"},"id":8,"priority":10},
{"action":{"type":"block"},"condition":{"urlFilter":"?go=_common&p=banner&bannerid="},"id":9,"priority":10},
{"action":{"type":"block"},"condition":{"urlFilter":"/images/banner.gif"},"id":10,"priority":10},
{"action":{"type":"block"},"condition":{"urlFilter":"/mambo/images/banners"},"id":11,"priority":10},
{"action":{"type":"block"},"condition":{"urlFilter":"/tpbanners/"},"id":12,"priority":10},
{"action":{"type":"block"},"condition":{"urlFilter":"/xgemius.js"},"id":13,"priority":10},
{"action":{"type":"block"},"condition":{"urlFilter":"||24ins.bg/affiliate/"},"id":14,"priority":10},
{"action":{"type":"block"},"condition":{"urlFilter":"||360.bg/baner*"},"id":15,"priority":10},
{"action":{"type":"block"},"condition":{"urlFilter":"||4bg.info/*banner*"},"id":16,"priority":10},
{"action":{"type":"block"},"condition":{"urlFilter":"||abcnews.bg/user_pic/files/absolute/index.html"},"id":17,"priority":10},
{"action":{"type":"block"},"condition":{"urlFilter":"||account-bg.info/e107/e107_images/banners/"},"id":18,"priority":10},
{"action":{"type":"block"},"condition":{"urlFilter":"||actualno.com/actualno-arena-baner*"},"id":19,"priority":10},
{"action":{"type":"block"},"condition":{"urlFilter":"adds.svetu.com/banners/"},"id":20,"priority":10},
{"action":{"type":"block"},"condition":{"urlFilter":"||ads*.fixar.org"},"id":21,"priority":10},
{"action":{"type":"block"},"condition":{"urlFilter":"||advbg.do.am/banners/"},"id":22,"priority":10},
{"action":{"type":"block"},"condition":{"urlFilter":"advertere.zamunda.net/www/images/"},"id":23,"priority":10},
{"action":{"type":"block"},"condition":{"urlFilter":"||afera.bg/280x190"},"id":24,"priority":10},
{"action":{"type":"block"},"condition":{"urlFilter":"||afera.bg/banner*"},"id":25,"priority":10},
{"action":{"type":"block"},"condition":{"urlFilter":"||afera.bg/benim.jpg"},"id":26,"priority":10},
{"action":{"type":"block"},"condition":{"urlFilter":"||afera.bg/images/banners/"},"id":27,"priority":10},
{"action":{"type":"block"},"condition":{"urlFilter":"||afera.bg/wp-content/uploads/*/516x516"},"id":28,"priority":10},
{"action":{"type":"block"},"condition":{"urlFilter":"||afera.bg/wp-content/uploads/*/banneri"},"id":29,"priority":10},
{"action":{"type":"block"},"condition":{"urlFilter":"||afera.bg/wp-content/uploads/flash_baners/"},"id":30,"priority":10},
{"action":{"type":"block"},"condition":{"urlFilter":"||afera-public.us-southeast-1.linodeobjects.com/wp-content/uploads/2023/08/%d0%bc%d0%b5%d0%bd%d0%b4%d0%b8%d0%b0-%d0%bc%d0%b0%d0%bb%d0%bb.jpg"},"id":31,"priority":10},
{"action":{"type":"block"},"condition":{"urlFilter":"||agencia-sliven.com/img/140x120"},"id":32,"priority":10},
{"action":{"type":"block"},"condition":{"urlFilter":"||agencia-sliven.com/img/140x160"},"id":33,"priority":10},
{"action":{"type":"block"},"condition":{"urlFilter":"||agencia-sliven.com/img/*baner*"},"id":34,"priority":10},
{"action":{"type":"block"},"condition":{"urlFilter":"||agencia-sliven.com/img/blue_house.gif"},"id":35,"priority":10},
{"action":{"type":"block"},"condition":{"urlFilter":"||agencia-sliven.com/img/mbal.gif"},"id":36,"priority":10},
{"action":{"type":"block"},"condition":{"initiatorDomains":["mobile.bg"],"resourceTypes":["image"],"urlFilter":"cdn*.focus.bg/mobile/assets/svg/fakti-logo.svg"},"id":37,"priority":10},
{"action":{"type":"block"},"condition":{"initiatorDomains":["btvplus.bg"],"resourceTypes":["script"],"urlFilter":"||imasdk.googleapis.com/js/sdkloader/ima3.js"},"id":38,"priority":10},
{"action":{"type":"allow"},"condition":{"initiatorDomains":["bg-gledai.tv"],"urlFilter":"||puhtml.com^"},"id":39,"priority":30},
{"action":{"type":"block"},"condition":{"urlFilter":"||bulnews.bg/images.winbet/"},"id":40,"priority":10},
{"action":{"type":"block"},"condition":{"urlFilter":"||bulnews.bg/uploads/2018d82eb5978009b3b35b830fb05fddc14780bd.png"},"id":41,"priority":10},
{"action":{"type":"block"},"condition":{"urlFilter":"||bulnews.bg/uploads/9f799d9ce8fbc3e7a3b84eaa001ae4bdd261b326.jpeg"},"id":42,"priority":10},
{"action":{"type":"block"},"condition":{"urlFilter":"||epicenter.bg/images/pics/eurohold.jpg"},"id":43,"priority":10},
{"action":{"type":"block"},"condition":{"urlFilter":"||flashnews.bg/wp-content/uploads/2021/06/better-3.gif"},"id":44,"priority":10},
{"action":{"type":"block"},"condition":{"urlFilter":"||alarmanews.com/wp-content/uploads/2013/11/toptravel.jpg"},"id":45,"priority":10},
{"action":{"type":"block"},"condition":{"urlFilter":"||alarmanews.com/wp-content/uploads/2014/04/%d0%9b%d0%be%d0%b3%d0%be%d0%b0%d0%bb%d0%b0%d1%80%d0%bc%d0%b0.jpg"},"id":46,"priority":10},
{"action":{"type":"block"},"condition":{"urlFilter":"||gabrovonews.bg/wp-content/uploads/2025/02/regent_baner_1600x200.gif"},"id":47,"priority":10},
{"action":{"type":"block"},"condition":{"urlFilter":"||gabrovonews.bg/wp-content/uploads/2025/07/250225083706-1024x171-3-2.jpg"},"id":48,"priority":10},
{"action":{"type":"block"},"condition":{"urlFilter":"||gabrovonews.bg/wp-content/uploads/2025/07/%d0%92%d0%b0%d1%80%d0%b8%d0%b0%d0%bd%d1%823-1024x171-3-1.jpg"},"id":49,"priority":10},
{"action":{"type":"block"},"condition":{"urlFilter":"||gabrovonews.bg/wp-content/uploads/2025/07/%d0%92%d0%b0%d1%80%d0%b8%d0%b0%d0%bd%d1%823-1024x171-3-2.jpg"},"id":50,"priority":10},
{"action":{"type":"block"},"condition":{"urlFilter":"||gabrovonews.bg/wp-content/uploads/2025/07/%d0%9f%d0%be%d0%b7%d0%b8%d1%86%d0%b8%d1%8f-2-%d0%bd%d0%b0%d0%b4-%d0%bf%d0%be%d1%81%d0%bb%d0%b5%d0%b4%d0%bd%d0%b8-%d0%bd%d0%be%d0%b2%d0%b8%d0%bd%d0%b8-%d0%b2%d0%b0%d1%80%d0%b8%d0%b0%d0%bd%d1%82-2.gif"},"id":51,"priority":10},
{"action":{"type":"block"},"condition":{"urlFilter":"||gabrovonews.bg/wp-content/uploads/2025/07/img-97842348b13a2f0766804d2c98f8589e-v-1-1024x171-2-1-2.jpg"},"id":52,"priority":10},
{"action":{"type":"block"},"condition":{"urlFilter":"||gabrovonews.bg/wp-content/uploads/2025/07/zalli_gif.gif"},"id":53,"priority":10},
{"action":{"type":"block"},"condition":{"urlFilter":"||i*.wp.com/eurica.me/wp-content/uploads/2025/06/za-gif.gif"},"id":54,"priority":10},
{"action":{"type":"block"},"condition":{"urlFilter":"i*.wp.com/slivensega.wordpress.com/wp-content/uploads/2014/04/uidp.jpg"},"id":55,"priority":10},
{"action":{"type":"block"},"condition":{"urlFilter":"||amam.bg/a-d-s/"},"id":56,"priority":10},
{"action":{"type":"block"},"condition":{"urlFilter":"||amam.bg/bans/"},"id":57,"priority":10},
{"action":{"type":"block"},"condition":{"urlFilter":"||androidbg.com/banner*"},"id":58,"priority":10},
{"action":{"type":"block"},"condition":{"urlFilter":"||animes3000.net/work/"},"id":59,"priority":10},
{"action":{"type":"block"},"condition":{"urlFilter":"||ardanews.info/banners/"},"id":60,"priority":10},
{"action":{"type":"block"},"condition":{"urlFilter":"as.adwise.bg/j/context3rd.jsp"},"id":61,"priority":10},
{"action":{"type":"block"},"condition":{"urlFilter":"||astrohoroscope.info/reklama/"},"id":62,"priority":10},
{"action":{"type":"block"},"condition":{"urlFilter":"i*.wp.com/slivensega.wordpress.com/wp-content/uploads/2017/03/mgal.jpg"},"id":63,"priority":10},
{"action":{"type":"block"},"condition":{"urlFilter":"i*.wp.com/slivensega.wordpress.com/wp-content/uploads/2018/02/d0b1d0b5d0b7-d0b8d0bcd0b5.jpg"},"id":64,"priority":10},
{"action":{"type":"block"},"condition":{"urlFilter":"||autonews.bg/files/baners/"},"id":65,"priority":10},
{"action":{"type":"block"},"condition":{"urlFilter":"||auto-press.net/img/top_banner/"},"id":66,"priority":10},
{"action":{"type":"block"},"condition":{"urlFilter":"||avetorrents.com/pic/positions/"},"id":67,"priority":10},
{"action":{"type":"block"},"condition":{"urlFilter":"||avtocatalog.org/banerss/"},"id":68,"priority":10},
{"action":{"type":"block"},"condition":{"urlFilter":"b1.alo.bg/www/images/"},"id":69,"priority":10},
{"action":{"type":"block"},"condition":{"urlFilter":"||bacchus.bg/img/baner_*.jpg"},"id":70,"priority":10},
{"action":{"type":"block"},"condition":{"urlFilter":"||barometar.net/wp-content/uploads/2011/03/"},"id":71,"priority":10},
{"action":{"type":"block"},"condition":{"urlFilter":"||lupa.bg/box/img/zp-300x600-05.png"},"id":72,"priority":10},
{"action":{"type":"block"},"condition":{"urlFilter":"||befsa.com/banners/"},"id":73,"priority":10},
{"action":{"type":"block"},"condition":{"urlFilter":"beis.bia-bg.com/images/baner*"},"id":74,"priority":10},
{"action":{"type":"block"},"condition":{"urlFilter":"||bezvazelin.net/e107_images/banners/"},"id":75,"priority":10},
{"action":{"type":"block"},"condition":{"urlFilter":"||bghelp.co.uk/banners/"},"id":76,"priority":10},
{"action":{"type":"block"},"condition":{"urlFilter":"||bghelp.co.uk/g-temp/"},"id":77,"priority":10},
{"action":{"type":"block"},"condition":{"urlFilter":"||bgled.com/userfiles/editor/image/racoms%20v1.2.gif"},"id":78,"priority":10},
{"action":{"type":"block"},"condition":{"urlFilter":"||bgmaps.com/images/billboard"},"id":79,"priority":10},
{"action":{"type":"block"},"condition":{"urlFilter":"||bgmaps.com/images/staticfield/200x40.jpg"},"id":80,"priority":10},
{"action":{"type":"block"},"condition":{"urlFilter":"||bgmaps.com/images/staticfield/634x20.jpg"},"id":81,"priority":10},
{"action":{"type":"block"},"condition":{"urlFilter":"||bgrabotodatel.com/images/banner*"},"id":82,"priority":10},
{"action":{"type":"block"},"condition":{"urlFilter":"||bg.search.etargetnet.com/generic/"},"id":83,"priority":10},
{"action":{"type":"block"},"condition":{"urlFilter":"||bgtop100.com/imgs/*ad"},"id":84,"priority":10},
{"action":{"type":"block"},"condition":{"urlFilter":"||bg-voice.com/wp-content/uploads/*286x300"},"id":85,"priority":10},
{"action":{"type":"block"},"condition":{"urlFilter":"||bgvolleyball.com/banner/"},"id":86,"priority":10},
{"action":{"type":"block"},"condition":{"urlFilter":"||biblio.bg/images/banner/"},"id":87,"priority":10},
{"action":{"type":"block"},"condition":{"urlFilter":"advertere.zamunda.net/bitbucket/1759236935_demar_280x110_2.jpg"},"id":88,"priority":10},
{"action":{"type":"block"},"condition":{"urlFilter":"||big5.bg/images/iva/baner*"},"id":89,"priority":10},
{"action":{"type":"block"},"condition":{"urlFilter":"||big5.bg/images/ogi/banner*"},"id":90,"priority":10},
{"action":{"type":"block"},"condition":{"urlFilter":"bimg.abv.bg/banners/"},"id":91,"priority":10},
{"action":{"type":"block"},"condition":{"urlFilter":"bimg.abv.bg/sravni/banners-with-tabs/"},"id":92,"priority":10},
{"action":{"type":"block"},"condition":{"urlFilter":"||bivol.bg/images/banners/"},"id":93,"priority":10},
{"action":{"type":"block"},"condition":{"urlFilter":"||bivol.bg/wp-content/uploads/2016/06/banner-plane-tickets.jpg"},"id":94,"priority":10},
{"action":{"type":"block"},"condition":{"urlFilter":"||bivol.bg/wp-content/uploads/*baner*"},"id":95,"priority":10},
{"action":{"type":"block"},"condition":{"urlFilter":"||blagoevgrad.eu//banners/"},"id":96,"priority":10},
{"action":{"type":"block"},"condition":{"urlFilter":"||blagoevgrad.eu/banners/"},"id":97,"priority":10},
{"action":{"type":"block"},"condition":{"urlFilter":"||blagoevgrad.eu/wp-content/uploads/2017/02/hotelmakedoniadelchevo.gif"},"id":98,"priority":10},
{"action":{"type":"block"},"condition":{"urlFilter":"||blagoevgrad.eu/wp-content/uploads/2018/01/reklama-blagoevgrad2018.jpg"},"id":99,"priority":10},
{"action":{"type":"block"},"condition":{"urlFilter":"||blagoevgrad.eu/wp-content/uploads/2019/02/bolnicapuls_blagoevgrad.jpg"},"id":100,"priority":10},
{"action":{"type":"block"},"condition":{"urlFilter":"||blagoevgrad.eu/wp-content/uploads/2020/05/largoblagoevgrad-baner.jpg"},"id":101,"priority":10},
{"action":{"type":"block"},"condition":{"urlFilter":"||blagoevgrad.eu/wp-content/uploads/2021/04/rec728.png"},"id":102,"priority":10},
{"action":{"type":"block"},"condition":{"urlFilter":"||blagoevgrad.eu/wp-content/uploads/2021/04/vmax.gif"},"id":103,"priority":10},
{"action":{"type":"block"},"condition":{"urlFilter":"||blagoevgrad.eu/wp-content/uploads/2021/06/gerb1.jpg"},"id":104,"priority":10},
{"action":{"type":"block"},"condition":{"urlFilter":"||blagoevgrad.eu/wp-content/uploads/2021/06/gerb2.jpg"},"id":105,"priority":10},
{"action":{"type":"block"},"condition":{"urlFilter":"||bmwpower-bg.net/banners"},"id":106,"priority":10},
{"action":{"type":"block"},"condition":{"urlFilter":"||borbabg.com/wp-content/uploads/*banner*"},"id":107,"priority":10},
{"action":{"type":"block"},"condition":{"urlFilter":"bravo.btv.bg/banners/"},"id":108,"priority":10},
{"action":{"type":"block"},"condition":{"urlFilter":"||briag.bg/uploads/wysiwyg/images/antoan%20vill%20logo.jpg"},"id":109,"priority":10},
{"action":{"type":"block"},"condition":{"urlFilter":"||briag.bg/uploads/wysiwyg/images/*banner*"},"id":110,"priority":10},
{"action":{"type":"block"},"condition":{"urlFilter":"||briag.bg/uploads/wysiwyg/images/%d0%a0%d0%a3%20%d0%bb%d0%be%d0%b3%d0%be%20250%d1%85300%20%d0%bf%d0%b8%d0%ba%d1%81%d0%b5%d0%bb%d0%b0.jpg"},"id":111,"priority":10},
{"action":{"type":"block"},"condition":{"urlFilter":"||briag.bg/uploads/wysiwyg/images/img-3a9d125f6f610f985a304ccad96dba7d-v.jpg"},"id":112,"priority":10},
{"action":{"type":"block"},"condition":{"urlFilter":"||briag.bg/uploads/wysiwyg/images/kulinar.jpg"},"id":113,"priority":10},
{"action":{"type":"block"},"condition":{"urlFilter":"||briag.bg/uploads/wysiwyg/images/logo%20dp_kare%20bryag%20copy.jpg"},"id":114,"priority":10},
{"action":{"type":"block"},"condition":{"urlFilter":"||briag.bg/uploads/wysiwyg/images/mall%20rousse%20logo%20slogan-no%20borders.jpg"},"id":115,"priority":10},
{"action":{"type":"block"},"condition":{"urlFilter":"||big5.bg/wp-content/uploads/2024/10/1000x140-1.png"},"id":116,"priority":10},
{"action":{"type":"block"},"condition":{"urlFilter":"||briag.bg/storage/images/2025/05/08/138482/erg_baner.jpg"},"id":117,"priority":10},
{"action":{"type":"block"},"condition":{"urlFilter":"||bsms.bg/images/upload/banner/"},"id":118,"priority":10},
{"action":{"type":"block"},"condition":{"urlFilter":"||bueno.bg/affiliates/"},"id":119,"priority":10},
{"action":{"type":"block"},"condition":{"urlFilter":"||mirogled.com/storage/filemanager/files/3ed983e5-ac0d-40f8-ac4a-c5c3ffd95ee1/homepage_banner_300x600/uccsiwsz3nsdij8vc7gpcgl5tsngkylog1aemx01.png"},"id":120,"priority":10},
{"action":{"type":"block"},"condition":{"urlFilter":"||bulnews.bg/adds/"},"id":121,"priority":10},
{"action":{"type":"block"},"condition":{"urlFilter":"||narodnodelo.bg/wp-content/plugins/wunderground/assets/img/icons/k/.gif"},"id":122,"priority":10},
{"action":{"type":"block"},"condition":{"urlFilter":"||bulnews.bg/uploads/3b94d9774ba5537002c585de8afe4a5c212ce82a.jpeg"},"id":123,"priority":10},
{"action":{"type":"block"},"condition":{"urlFilter":"||narodnodelo.bg/wp-content/uploads/2015/11/3.jpg"},"id":124,"priority":10},
{"action":{"type":"block"},"condition":{"urlFilter":"||bulnews.bg/uploads/6175744acfebfc42dcdae9a160a8d149007b8edc.jpeg"},"id":125,"priority":10},
{"action":{"type":"block"},"condition":{"urlFilter":"||bulnews.bg/uploads/71871148362c8ea73ffa0c025b1963493b669f31.jpeg"},"id":126,"priority":10},
{"action":{"type":"block"},"condition":{"urlFilter":"||bulnews.bg/uploads/7cbe411f841fdbf6a5ec96988ac4fb7705d04157.gif"},"id":127,"priority":10},
{"action":{"type":"block"},"condition":{"urlFilter":"||bulnews.bg/uploads/a5936ec73c18fc604b855f3c1ff72506b9724553.png"},"id":128,"priority":10},
{"action":{"type":"block"},"condition":{"urlFilter":"||narodnodelo.bg/wp-content/uploads/2015/12/20240117_210857_0000.png"},"id":129,"priority":10},
{"action":{"type":"block"},"condition":{"urlFilter":"||bulnews.bg/uploads/cebadd89298c8d41b5e3daa2ec2f6fa736257cd6.jpeg"},"id":130,"priority":10},
{"action":{"type":"block"},"condition":{"urlFilter":"||bulnews.bg/uploads/d95c4f29c9b6b27ad70548801456c51f2da9abe8.png"},"id":131,"priority":10},
{"action":{"type":"block"},"condition":{"urlFilter":"||bulnews.bg/uploads/e67424d42cb22291438c5262110a7733f114282b.png"},"id":132,"priority":10},
{"action":{"type":"block"},"condition":{"urlFilter":"||bulnews.bg/uploads/375f3129606dd367e0f50fa6f8a3b804e4990280.jpeg"},"id":133,"priority":10},
{"action":{"type":"block"},"condition":{"urlFilter":"||bulnews.bg/uploads/f4ac4707184c0e4f41a0dc579e2d6ec9fb44c6d0.jpeg"},"id":134,"priority":10},
{"action":{"type":"block"},"condition":{"urlFilter":"||bulnews.bg/vino/"},"id":135,"priority":10},
{"action":{"type":"block"},"condition":{"urlFilter":"||bulphoto.com/banners/"},"id":136,"priority":10},
{"action":{"type":"block"},"condition":{"urlFilter":"||burgasinfo.com/ajax/getbanners/"},"id":137,"priority":10},
{"action":{"type":"block"},"condition":{"urlFilter":"||burgasnews.com/wp-content/uploads/*300x250"},"id":138,"priority":10},
{"action":{"type":"block"},"condition":{"urlFilter":"||burgasnews.com/wp-content/uploads/*480_100*"},"id":139,"priority":10},
{"action":{"type":"block"},"condition":{"urlFilter":"||burgasnews.com/wp-content/uploads/*630x100"},"id":140,"priority":10},
{"action":{"type":"block"},"condition":{"urlFilter":"||business.bg/site_files/d-sitebanners/"},"id":141,"priority":10},
{"action":{"type":"block"},"condition":{"urlFilter":"||catalog.bg/images/banner"},"id":142,"priority":10},
{"action":{"type":"block"},"condition":{"initiatorDomains":["bazar.bg","mobile.bg"],"urlFilter":"cdn*.focus.bg/fakti/"},"id":143,"priority":10},
{"action":{"type":"block"},"condition":{"urlFilter":"||presstv.bg/wp-content/uploads/2024/06/%d0%90%d1%80%d0%b5%d0%bd%d0%b0-%d0%97%d0%b0%d0%bf%d0%b0%d0%b4-728%d1%8590p.jpg"},"id":144,"priority":10},
{"action":{"type":"block"},"condition":{"urlFilter":"cdn.plus500.com/media/banners/"},"id":145,"priority":10},
{"action":{"type":"block"},"condition":{"urlFilter":"||climbingguidebg.com/adv/"},"id":146,"priority":10},
{"action":{"type":"block"},"condition":{"urlFilter":"||club9000.org/banners/"},"id":147,"priority":10},
{"action":{"type":"block"},"condition":{"urlFilter":"||computers.bg/120x460."},"id":148,"priority":10},
{"action":{"type":"block"},"condition":{"urlFilter":"||presstv.bg/wp-content/uploads/2024/09/728x90px_shkola-1_page-0001.jpg"},"id":149,"priority":10},
{"action":{"type":"block"},"condition":{"urlFilter":"||presstv.bg/wp-content/uploads/2024/09/ds-oil-e1728322340284.png"},"id":150,"priority":10},
{"action":{"type":"block"},"condition":{"urlFilter":"||dailypress.bg/wp-content/uploads/2015/06/untitled-21.gif"},"id":151,"priority":10},
{"action":{"type":"block"},"condition":{"urlFilter":"||dar.bg/images/*banner"},"id":152,"priority":10},
{"action":{"type":"block"},"condition":{"urlFilter":"||darik.bg/assets/images/*300x100"},"id":153,"priority":10},
{"action":{"type":"block"},"condition":{"urlFilter":"||delnik.net/wp-content/uploads/2014/02/demaxbluergbproba.png"},"id":154,"priority":10},
{"action":{"type":"block"},"condition":{"urlFilter":"||delnik.net/wp-content/uploads/2014/02/logo_holograms1.jpg"},"id":155,"priority":10},
{"action":{"type":"block"},"condition":{"urlFilter":"||dennews.bg/files/banners/"},"id":156,"priority":10},
{"action":{"type":"block"},"condition":{"urlFilter":"||dennews.bg/uploads/banners/"},"id":157,"priority":10},
{"action":{"type":"block"},"condition":{"urlFilter":"||dennews.bg/uploads/lovna.gif"},"id":158,"priority":10},
{"action":{"type":"block"},"condition":{"urlFilter":"||dennews.bg/uploads/mm2.jpg"},"id":159,"priority":10},
{"action":{"type":"block"},"condition":{"urlFilter":"||dennews.bg/uploads/reklami/"},"id":160,"priority":10},
{"action":{"type":"block"},"condition":{"urlFilter":"||devabroadcast.com/banner.php"},"id":161,"priority":10},
{"action":{"type":"block"},"condition":{"urlFilter":"||dev.bg/wp-content/uploads/*banner*"},"id":162,"priority":10},
{"action":{"type":"block"},"condition":{"urlFilter":"||dgpazar.eu/images/banners"},"id":163,"priority":10},
{"action":{"type":"block"},"condition":{"urlFilter":"||divident.eu/uploads/banners/"},"id":164,"priority":10},
{"action":{"type":"block"},"condition":{"urlFilter":"||djagi.com/banners"},"id":165,"priority":10},
{"action":{"type":"block"},"condition":{"urlFilter":"||dnevnik.bg/images/campaigns/"},"id":166,"priority":10},
{"action":{"type":"block"},"condition":{"urlFilter":"||dobrichonline.com/media/banners/"},"id":167,"priority":10},
{"action":{"type":"block"},"condition":{"urlFilter":"||dobrudjabg.com/upload/banners/"},"id":168,"priority":10},
{"action":{"type":"block"},"condition":{"urlFilter":"||doctorbg.com/thumb.php?src=/data/image/banners/"},"id":169,"priority":10},
{"action":{"type":"block"},"condition":{"urlFilter":"||draftis.com/b/"},"id":170,"priority":10},
{"action":{"type":"block"},"condition":{"urlFilter":"||dtv-bg.com/banners/"},"id":171,"priority":10},
{"action":{"type":"block"},"condition":{"urlFilter":"||dtv-bg.com/images/razni/xc_new_one.png"},"id":172,"priority":10},
{"action":{"type":"block"},"condition":{"urlFilter":"||duma.bg/images/*/banner*"},"id":173,"priority":10},
{"action":{"type":"block"},"condition":{"urlFilter":"||e-79.com/images/banners/"},"id":174,"priority":10},
{"action":{"type":"block"},"condition":{"urlFilter":"||e-burgas.com/wp-content/uploads/2014/02/studio-bianco.png"},"id":175,"priority":10},
{"action":{"type":"block"},"condition":{"urlFilter":"||e-burgas.com/wp-content/uploads/2015/01/online-store-studioweb.gif"},"id":176,"priority":10},
{"action":{"type":"block"},"condition":{"urlFilter":"||e-burgas.com/wp-content/uploads/2015/09/kare-apteki-farkol.jpg"},"id":177,"priority":10},
{"action":{"type":"block"},"condition":{"urlFilter":"||e-burgas.com/wp-content/uploads/*baner*"},"id":178,"priority":10},
{"action":{"type":"block"},"condition":{"urlFilter":"||e-burgas.com/wp-content/uploads/*banner*"},"id":179,"priority":10},
{"action":{"type":"block"},"condition":{"urlFilter":"||economy.bg/images/branding/"},"id":180,"priority":10},
{"action":{"type":"block"},"condition":{"urlFilter":"||economynews.bg/website_uploads/image/theme/euro_atak/"},"id":181,"priority":10},
{"action":{"type":"block"},"condition":{"urlFilter":"||elhovo.news/wp-content/uploads/2018/12/glob.jpg"},"id":182,"priority":10},
{"action":{"type":"block"},"condition":{"urlFilter":"||elhovo.news/wp-content/uploads/2018/12/nts.gif"},"id":183,"priority":10},
{"action":{"type":"block"},"condition":{"urlFilter":"||energy-torrent.com/img/filement.jpg"},"id":184,"priority":10},
{"action":{"type":"block"},"condition":{"urlFilter":"||energy-torrent.com/img/obiavabg.jpg"},"id":185,"priority":10},
{"action":{"type":"block"},"condition":{"urlFilter":"||eventim.bg/root/upload/banner/"},"id":186,"priority":10},
{"action":{"type":"block"},"condition":{"urlFilter":"||e-vestnik.bg/img/banners/"},"id":187,"priority":10},
{"action":{"type":"block"},"condition":{"initiatorDomains":["filmi7.com"],"urlFilter":"||facebook.com/plugins/"},"id":188,"priority":10},
{"action":{"type":"block"},"condition":{"urlFilter":"||faktor.bg/img/wallpaper"},"id":189,"priority":10},
{"action":{"type":"block"},"condition":{"urlFilter":"||radio999bg.com/images/radio999bg/banners/"},"id":190,"priority":10},
{"action":{"type":"block"},"condition":{"urlFilter":"||faragency.bg/user_pic/images/baner*"},"id":191,"priority":10},
{"action":{"type":"block"},"condition":{"urlFilter":"||faragency.bg/user_pic/images/prity_gorelki.jpg"},"id":192,"priority":10},
{"action":{"type":"block"},"condition":{"urlFilter":"||faragency.bg/user_pic/images/sabev%20copy.jpg"},"id":193,"priority":10},
{"action":{"type":"block"},"condition":{"urlFilter":"||fashion.bg/links/"},"id":194,"priority":10},
{"action":{"type":"block"},"condition":{"urlFilter":"||favorite-games.com/images/*/banners/"},"id":195,"priority":10},
{"action":{"type":"block"},"condition":{"urlFilter":"||filternews.bg/wp-content/uploads/*1920x250"},"id":196,"priority":10},
{"action":{"type":"block"},"condition":{"urlFilter":"||filternews.bg/wp-content/uploads/*300x600"},"id":197,"priority":10},
{"action":{"type":"block"},"condition":{"urlFilter":"||filternews.bg/wp-content/uploads/*970x250"},"id":198,"priority":10},
{"action":{"type":"block"},"condition":{"urlFilter":"||filternews.bg/wp-content/uploads/every_weekend-300x250/"},"id":199,"priority":10},
{"action":{"type":"block"},"condition":{"urlFilter":"||flash-igri.com/banners/"},"id":200,"priority":10},
{"action":{"type":"block"},"condition":{"urlFilter":"||flashnews.bg/wp-content/uploads/2020/02/300-600*"},"id":201,"priority":10},
{"action":{"type":"block"},"condition":{"urlFilter":"||flexi-cms.com/images/banners/"},"id":202,"priority":10},
{"action":{"type":"block"},"condition":{"urlFilter":"||forumat-bg.com/images/banners"},"id":203,"priority":10},
{"action":{"type":"block"},"condition":{"urlFilter":"||framar.bg/ads/wp/"},"id":204,"priority":10},
{"action":{"type":"block"},"condition":{"urlFilter":"||framar.bg/filestore/*729x90.jpg"},"id":205,"priority":10},
{"action":{"type":"block"},"condition":{"urlFilter":"||freehost.homelinux.*/autoh/"},"id":206,"priority":10},
{"action":{"type":"block"},"condition":{"urlFilter":"||freehost.homelinux.*/fg/"},"id":207,"priority":10},
{"action":{"type":"block"},"condition":{"urlFilter":"||freehost.homelinux.*/zundert"},"id":208,"priority":10},
{"action":{"type":"block"},"condition":{"urlFilter":"||frognews.bg/files/720_90*"},"id":209,"priority":10},
{"action":{"type":"block"},"condition":{"urlFilter":"||frognews.bg/files/banner"},"id":210,"priority":10},
{"action":{"type":"block"},"condition":{"urlFilter":"||frognews.bg/files/logo_slt.jpg"},"id":211,"priority":10},
{"action":{"type":"block"},"condition":{"urlFilter":"||frognews.bg/files/logo_zibo_courier_album_new2.jpg"},"id":212,"priority":10},
{"action":{"type":"block"},"condition":{"urlFilter":"||frognews.bg/frog/images/banners/"},"id":213,"priority":10},
{"action":{"type":"block"},"condition":{"urlFilter":"||frognews.bg/frog/images/flash/"},"id":214,"priority":10},
{"action":{"type":"block"},"condition":{"urlFilter":"||frognews.bg/images/adv/"},"id":215,"priority":10},
{"action":{"type":"block"},"condition":{"urlFilter":"||frognews.bg/media/rekl/"},"id":216,"priority":10},
{"action":{"type":"block"},"condition":{"urlFilter":"||ftech-bg.com/images/*banner*"},"id":217,"priority":10},
{"action":{"type":"block"},"condition":{"urlFilter":"||gabrovonews.bg/wp-content/themes/gabrovonews/images/banners/"},"id":218,"priority":10},
{"action":{"type":"block"},"condition":{"urlFilter":"||gabrovonews.bg/wp-content/uploads/2016/07/krasota.jpg"},"id":219,"priority":10},
{"action":{"type":"block"},"condition":{"urlFilter":"||gabrovonews.bg/wp-content/uploads/2016/08/coco.jpg"},"id":220,"priority":10},
{"action":{"type":"block"},"condition":{"urlFilter":"||gabrovonews.bg/wp-content/uploads/2016/10/abba.png"},"id":221,"priority":10},
{"action":{"type":"block"},"condition":{"urlFilter":"||gabrovonews.bg/wp-content/uploads/2016/11/hm-opening-gabrovo-led-banner-300x600-2.jpg"},"id":222,"priority":10},
{"action":{"type":"block"},"condition":{"urlFilter":"||gabrovonews.bg/wp-content/uploads/2016/12/mall-gabrovo.jpg"},"id":223,"priority":10},
{"action":{"type":"block"},"condition":{"urlFilter":"||gamemasters.eu/home/wp-content/themes/studioblue/images/banners/"},"id":224,"priority":10},
{"action":{"type":"block"},"condition":{"urlFilter":"||gbg.bg/resources/html/aukro_"},"id":225,"priority":10},
{"action":{"type":"block"},"condition":{"initiatorDomains":["dennews.bg"],"urlFilter":"||giphy.com^"},"id":226,"priority":10},
{"action":{"type":"block"},"condition":{"urlFilter":"||godzila.bg/admin/upload/banners"},"id":227,"priority":10},
{"action":{"type":"block"},"condition":{"urlFilter":"||gramofona.com/assets/banners/"},"id":228,"priority":10},
{"action":{"type":"block"},"condition":{"urlFilter":"||happy-foto.net/banners/"},"id":229,"priority":10},
{"action":{"type":"block"},"condition":{"urlFilter":"||hardwarebg.com/ads/"},"id":230,"priority":10},
{"action":{"type":"block"},"condition":{"urlFilter":"||haskovo.net/images/banner*"},"id":231,"priority":10},
{"action":{"type":"block"},"condition":{"urlFilter":"||haskovo.net/uploads/backgrounds/"},"id":232,"priority":10},
{"action":{"type":"block"},"condition":{"urlFilter":"||hitceni.bg/banners/"},"id":233,"priority":10},
{"action":{"type":"block"},"condition":{"urlFilter":"||homes.bg/images/branding"},"id":234,"priority":10},
{"action":{"type":"block"},"condition":{"urlFilter":"||hotelsbg.net/banners/"},"id":235,"priority":10},
{"action":{"type":"block"},"condition":{"urlFilter":"||hronika-bg.com/wp-content/uploads/2014/04/aibi-building.jpg"},"id":236,"priority":10},
{"action":{"type":"block"},"condition":{"urlFilter":"||hronika-bg.com/wp-content/uploads/2014/04/cabel%20sat.jpg"},"id":237,"priority":10},
{"action":{"type":"block"},"condition":{"urlFilter":"||hronika-bg.com/wp-content/uploads/2014/04/goce%20net.jpg"},"id":238,"priority":10},
{"action":{"type":"block"},"condition":{"urlFilter":"||hronika-bg.com/wp-content/uploads/2014/04/maket-bks.jpg"},"id":239,"priority":10},
{"action":{"type":"block"},"condition":{"urlFilter":"||hronika-bg.com/wp-content/uploads/2014/04/merkez.jpg"},"id":240,"priority":10},
{"action":{"type":"block"},"condition":{"urlFilter":"||hronika-bg.com/wp-content/uploads/2014/04/rollmann200.jpg"},"id":241,"priority":10},
{"action":{"type":"block"},"condition":{"urlFilter":"||hronika-bg.com/wp-content/uploads/2014/04/uva-nestum.jpg"},"id":242,"priority":10},
{"action":{"type":"block"},"condition":{"urlFilter":"||hronika-bg.com/wp-content/uploads/2015/01/makmetal.jpg"},"id":243,"priority":10},
{"action":{"type":"block"},"condition":{"urlFilter":"||hronika-bg.com/wp-content/uploads/2015/10/geraksiev.png"},"id":244,"priority":10},
{"action":{"type":"block"},"condition":{"urlFilter":"||hronika-bg.com/wp-content/uploads/2015/10/syvetnitsi.png"},"id":245,"priority":10},
{"action":{"type":"block"},"condition":{"urlFilter":"i1.actualno.com/actualnoresponsive/img/digitalize_that_button.png"},"id":246,"priority":10},
{"action":{"type":"block"},"condition":{"urlFilter":"i2.wp.com/bivol.bg/wp-content/uploads/2014/09/daxy_baner_210x250_px.gif"},"id":247,"priority":10},
{"action":{"type":"block"},"condition":{"urlFilter":"i.adwise.bg/upload/"},"id":248,"priority":10},
{"action":{"type":"block"},"condition":{"urlFilter":"||ideoweb.bg/openx/"},"id":249,"priority":10},
{"action":{"type":"block"},"condition":{"urlFilter":"i.dir.bg/ads20*"},"id":250,"priority":10},
{"action":{"type":"block"},"condition":{"urlFilter":"i.dir.bg/r20*"},"id":251,"priority":10},
{"action":{"type":"block"},"condition":{"urlFilter":"i.helikon.bg/design/banner*"},"id":252,"priority":10},
{"action":{"type":"block"},"condition":{"urlFilter":"i.id24.bg/bans/"},"id":253,"priority":10},
{"action":{"type":"block"},"condition":{"urlFilter":"i.imgur.com/qkzxpqr.jpg"},"id":254,"priority":10},
{"action":{"type":"block"},"condition":{"urlFilter":"i.imgur.com/rnuci1h.png"},"id":255,"priority":10},
{"action":{"type":"block"},"condition":{"urlFilter":"image.arukereso.hu/partner/"},"id":256,"priority":10},
{"action":{"type":"block"},"condition":{"urlFilter":"images.wambacdn.net/images/upload/adv/"},"id":257,"priority":10},
{"action":{"type":"block"},"condition":{"urlFilter":"img.abv.bg/abvproductads/"},"id":258,"priority":10},
{"action":{"type":"block"},"condition":{"urlFilter":"img.imghosting.biz/238/1f12d748b1136f956db50bbabf0dfb70.png"},"id":259,"priority":10},
{"action":{"type":"block"},"condition":{"urlFilter":"img.photo-forum.net/banner/"},"id":260,"priority":10},
{"action":{"type":"block"},"condition":{"urlFilter":"||regiona.bg/wp-content/uploads/13.jpg"},"id":261,"priority":10},
{"action":{"type":"block"},"condition":{"urlFilter":"||imoti.bg/*125x125"},"id":262,"priority":10},
{"action":{"type":"block"},"condition":{"urlFilter":"||imoti.bg/baners/"},"id":263,"priority":10},
{"action":{"type":"block"},"condition":{"urlFilter":"||regiona.bg/wp-content/uploads/26d92cb327f3844fd4a74dd71f4da4e2.png"},"id":264,"priority":10},
{"action":{"type":"block"},"condition":{"urlFilter":"||info.mitnica.com/images/*banner"},"id":265,"priority":10},
{"action":{"type":"block"},"condition":{"urlFilter":"||infopleven.com/wp-content/uploads/2014/02/banerkalin-1.gif"},"id":266,"priority":10},
{"action":{"type":"block"},"condition":{"urlFilter":"||informator.bg/cache/promotion_"},"id":267,"priority":10},
{"action":{"type":"block"},"condition":{"urlFilter":"||regiona.bg/wp-content/uploads/720-%d0%bd%d0%b0-90-%d0%91.png"},"id":268,"priority":10},
{"action":{"type":"block"},"condition":{"urlFilter":"||infoz.bg/images/--2018-01/mini-maritsa-iztok.jpg"},"id":269,"priority":10},
{"action":{"type":"block"},"condition":{"urlFilter":"||infoz.bg/images/---2019-06/trubadur.jpg"},"id":270,"priority":10},
{"action":{"type":"block"},"condition":{"urlFilter":"||intrastat-bg.com/intrastat/img/infoj.gif"},"id":271,"priority":10},
{"action":{"type":"block"},"condition":{"urlFilter":"||intrastat-bg.com/intrastat/img/yotov.gif"},"id":272,"priority":10},
{"action":{"type":"block"},"condition":{"urlFilter":"||intrigi.bg/upload/images/*banner*"},"id":273,"priority":10},
{"action":{"type":"block"},"condition":{"urlFilter":"||intrigi.bg/wp-content/uploads/2019/01/izrabotka-na-sait-web-design-bultag.jpg"},"id":274,"priority":10},
{"action":{"type":"block"},"condition":{"urlFilter":"||investor.bg/brandings"},"id":275,"priority":10},
{"action":{"type":"block"},"condition":{"urlFilter":"||iskra.bg/wp-content/uploads/2019/03/510x90.png"},"id":276,"priority":10},
{"action":{"type":"block"},"condition":{"urlFilter":"||iskra.bg/wp-content/uploads/2020/04/banner-moni-1010.jpeg"},"id":277,"priority":10},
{"action":{"type":"block"},"condition":{"urlFilter":"||iskra.bg/wp-content/uploads/2020/11/iskra-novini.png"},"id":278,"priority":10},
{"action":{"type":"block"},"condition":{"urlFilter":"||iskra.bg/wp-content/uploads/2021/05/baner-multi.bg_.jpg"},"id":279,"priority":10},
{"action":{"type":"block"},"condition":{"urlFilter":"||iskra.bg/wp-content/uploads/2022/02/4-klimatici-1.jpg.webp"},"id":280,"priority":10},
{"action":{"type":"block"},"condition":{"urlFilter":"||jarcomputers.com/banners"},"id":281,"priority":10},
{"action":{"type":"block"},"condition":{"urlFilter":"||jobs.bg/images/branding/"},"id":282,"priority":10},
{"action":{"type":"block"},"condition":{"urlFilter":"||kabinata.com/banners/"},"id":283,"priority":10},
{"action":{"type":"block"},"condition":{"urlFilter":"||kanal6.tv/wp-content/uploads/2020/03/banner-dkc2.png"},"id":284,"priority":10},
{"action":{"type":"block"},"condition":{"urlFilter":"||kanal6.tv/wp-content/uploads/2020/03/%d0%ae%d0%98%d0%94%d0%9f.jpg"},"id":285,"priority":10},
{"action":{"type":"block"},"condition":{"urlFilter":"||kanal6.tv/wp-content/uploads/2020/03/dospelbgcom.png"},"id":286,"priority":10},
{"action":{"type":"block"},"condition":{"urlFilter":"||kanal6.tv/wp-content/uploads/2020/03/logo-bg2.png"},"id":287,"priority":10},
{"action":{"type":"block"},"condition":{"urlFilter":"||kanal6.tv/wp-content/uploads/2020/03/mbalhd.jpg"},"id":288,"priority":10},
{"action":{"type":"block"},"condition":{"urlFilter":"||kanal6.tv/wp-content/uploads/2020/03/sliven_welcome_01-e1690893768453.jpg"},"id":289,"priority":10},
{"action":{"type":"block"},"condition":{"urlFilter":"||kanal6.tv/wp-content/uploads/2021/04/vik-sliven.jpg"},"id":290,"priority":10},
{"action":{"type":"block"},"condition":{"urlFilter":"||kanal6.tv/wp-content/uploads/2021/09/410107129_742066740703536_967795860887969363_n.gif"},"id":291,"priority":10},
{"action":{"type":"block"},"condition":{"urlFilter":"||kanal6.tv/wp-content/uploads/2022/10/%d0%bb%d0%be%d0%b2%d0%bd%d0%be_page-0001.jpg"},"id":292,"priority":10},
{"action":{"type":"block"},"condition":{"urlFilter":"||kanal6.tv/wp-content/uploads/2023/08/367486790_781467287049084_3148342086688585115_n.jpg"},"id":293,"priority":10},
{"action":{"type":"block"},"condition":{"urlFilter":"||kanal6.tv/wp-content/uploads/2023/12/429941071_1122594998701916_3159059547111443842_n.jpg"},"id":294,"priority":10},
{"action":{"type":"block"},"condition":{"urlFilter":"||kanal6.tv/wp-content/uploads/2023/12/furniture-instagram-post.png"},"id":295,"priority":10},
{"action":{"type":"block"},"condition":{"urlFilter":"||kanal6.tv/wp-content/uploads/2023/12/kotel.png.webp"},"id":296,"priority":10},
{"action":{"type":"block"},"condition":{"urlFilter":"||kanal6.tv/wp-content/uploads/2024/02/350%d1%85250-%d0%9a%d0%b0%d0%bd%d0%b0%d0%bb-6.png"},"id":297,"priority":10},
{"action":{"type":"block"},"condition":{"urlFilter":"||kazanlak-bg.info/baneri/"},"id":298,"priority":10},
{"action":{"type":"block"},"condition":{"urlFilter":"||kazanlak-bg.info/images/banners/"},"id":299,"priority":10},
{"action":{"type":"block"},"condition":{"urlFilter":"klearprodstorage.blob.core.windows.net/public/blog/links/"},"id":300,"priority":10},
{"action":{"type":"block"},"condition":{"urlFilter":"||knigolandia.info/wp-content/uploads/2016/12/hendrik2.gif"},"id":301,"priority":10},
{"action":{"type":"block"},"condition":{"urlFilter":"||knnews.bg/images/baners/"},"id":302,"priority":10},
{"action":{"type":"block"},"condition":{"urlFilter":"||koimetarsi.com/gallery/-------_enigma.png"},"id":303,"priority":10},
{"action":{"type":"block"},"condition":{"urlFilter":"||koimetarsi.com/gallery/litkraft-logo-white.png"},"id":304,"priority":10},
{"action":{"type":"block"},"condition":{"urlFilter":"||kolegi.info/banner*"},"id":305,"priority":10},
{"action":{"type":"block"},"condition":{"urlFilter":"||konkurent.bg/img/banners/"},"id":306,"priority":10},
{"action":{"type":"block"},"condition":{"urlFilter":"||kotasport.com/wp-content/uploads/2018/04/geymarski-laptopi.jpg"},"id":307,"priority":10},
{"action":{"type":"block"},"condition":{"urlFilter":"||regiona.bg/wp-content/uploads/90584424a32d024ba1b76bcee5a47708.jpg"},"id":308,"priority":10},
{"action":{"type":"block"},"condition":{"urlFilter":"||kulturni-novini.info/banners/"},"id":309,"priority":10},
{"action":{"type":"block"},"condition":{"urlFilter":"||learnfree.eu/wp-content/uploads/banners/"},"id":310,"priority":10},
{"action":{"type":"block"},"condition":{"urlFilter":"||lekuva.net/wp-content/themes/jarida/images/patterns/body-bg5.png"},"id":311,"priority":10},
{"action":{"type":"block"},"condition":{"urlFilter":"||lekuva.net/wp-content/uploads/2014/05/lula111.gif"},"id":312,"priority":10},
{"action":{"type":"block"},"condition":{"urlFilter":"||lekuva.net/wp-content/uploads/2014/12/lenta_0.gif"},"id":313,"priority":10},
{"action":{"type":"block"},"condition":{"urlFilter":"||lekuva.net/wp-content/uploads/2015/09/b17b2.jpg"},"id":314,"priority":10},
{"action":{"type":"block"},"condition":{"urlFilter":"||lekuva.net/wp-content/uploads/2017/02/domus-rebus-za-lekuva.jpg"},"id":315,"priority":10},
{"action":{"type":"block"},"condition":{"urlFilter":"||lekuva.net/wp-content/uploads/banners/"},"id":316,"priority":10},
{"action":{"type":"block"},"condition":{"urlFilter":"||liternet.bg/image/baner/"},"id":317,"priority":10},
{"action":{"type":"block"},"condition":{"urlFilter":"||lukovit-news.com/images/300x250adv"},"id":318,"priority":10},
{"action":{"type":"block"},"condition":{"urlFilter":"||lukovit-news.com/images/reklama/"},"id":319,"priority":10},
{"action":{"type":"block"},"condition":{"urlFilter":"||lupa.bg/f/banners/"},"id":320,"priority":10},
{"action":{"type":"block"},"condition":{"urlFilter":"||lupa.bg/public/300x600/"},"id":321,"priority":10},
{"action":{"type":"block"},"condition":{"urlFilter":"||lupa.bg/public/970x250/"},"id":322,"priority":10},
{"action":{"type":"block"},"condition":{"urlFilter":"media.easyads.bg/ads/"},"id":323,"priority":10},
{"action":{"type":"block"},"condition":{"urlFilter":"media.finestre.bg/advertisement/banner/"},"id":324,"priority":10},
{"action":{"type":"block"},"condition":{"initiatorDomains":["dennews.bg"],"urlFilter":"media.giphy.com"},"id":325,"priority":10},
{"action":{"type":"block"},"condition":{"urlFilter":"media.inbetpartners.com/uploads/001x486x60_sport_ppc.png"},"id":326,"priority":10},
{"action":{"type":"block"},"condition":{"urlFilter":"media.iskamdaqm.bg/advertisement/banner/"},"id":327,"priority":10},
{"action":{"type":"block"},"condition":{"urlFilter":"||medialand.bg/banners/"},"id":328,"priority":10},
{"action":{"type":"block"},"condition":{"urlFilter":"||mediamall.info/box/img/studena_banner.jpg"},"id":329,"priority":10},
{"action":{"type":"block"},"condition":{"urlFilter":"||regiona.bg/wp-content/uploads/%d0%91%d0%be%d0%b6%d0%b5-%d0%b8%d0%bc%d0%b5.jpg"},"id":330,"priority":10},
{"action":{"type":"block"},"condition":{"urlFilter":"||mobile.bg/images/brands/"},"id":331,"priority":10},
{"action":{"type":"block"},"condition":{"urlFilter":"||mobilebulgaria.com/uploads/banners/"},"id":332,"priority":10},
{"action":{"type":"block"},"condition":{"urlFilter":"||montana-dnes.com/baners/"},"id":333,"priority":10},
{"action":{"type":"block"},"condition":{"urlFilter":"||moreto.net/i/*330x72*"},"id":334,"priority":10},
{"action":{"type":"block"},"condition":{"urlFilter":"||moreto.net/i/branding/"},"id":335,"priority":10},
{"action":{"type":"block"},"condition":{"urlFilter":"||mostbg.com/most//headers/..%5cimages%5cbanner_hp.gif"},"id":336,"priority":10},
{"action":{"type":"block"},"condition":{"urlFilter":"||mostbg.com/most/images/*banner.gif"},"id":337,"priority":10},
{"action":{"type":"block"},"condition":{"urlFilter":"||mostbg.com/most/images/mostadsl.gif"},"id":338,"priority":10},
{"action":{"type":"block"},"condition":{"urlFilter":"||mrejata.net/banner*"},"id":339,"priority":10},
{"action":{"type":"block"},"condition":{"urlFilter":"||namoreto.bg/wp-content/uploads/2017/08/animiran-baner-chistota.gif"},"id":340,"priority":10},
{"action":{"type":"block"},"condition":{"urlFilter":"||namoreto.bg/wp-content/uploads/2017/09/baner-promotsiya-avtomivka-chistota.gif"},"id":341,"priority":10},
{"action":{"type":"block"},"condition":{"urlFilter":"||namoreto.bg/wp-content/uploads/2019/06/freq-2.jpg"},"id":342,"priority":10},
{"action":{"type":"block"},"condition":{"urlFilter":"||namoreto.bg/wp-content/uploads/2019/07/bgmedia-300x204.jpg"},"id":343,"priority":10},
{"action":{"type":"block"},"condition":{"urlFilter":"||namoreto.bg/wp-content/uploads/2019/07/bgmedia.jpg"},"id":344,"priority":10},
{"action":{"type":"block"},"condition":{"urlFilter":"||napos2000.com/web/wp-content/uploads/2018/12/aristidov-web-design-nesebar.png"},"id":345,"priority":10},
{"action":{"type":"block"},"condition":{"urlFilter":"||napos2000.com/web/wp-content/uploads/2022/03/logo20.png"},"id":346,"priority":10},
{"action":{"type":"block"},"condition":{"urlFilter":"||napos2000.com/web/wp-content/uploads/*/300x60*"},"id":347,"priority":10},
{"action":{"type":"block"},"condition":{"urlFilter":"||napos2000.com/web/wp-content/uploads/*/your-ads-here*"},"id":348,"priority":10},
{"action":{"type":"block"},"condition":{"urlFilter":"||napravisam.bg/forum/neklama/"},"id":349,"priority":10},
{"action":{"type":"block"},"condition":{"urlFilter":"||napravisam.bg/neklama/"},"id":350,"priority":10},
{"action":{"type":"block"},"condition":{"urlFilter":"||narodnodelo.bg/*250x250"},"id":351,"priority":10},
{"action":{"type":"block"},"condition":{"urlFilter":"||regiona.bg/wp-content/uploads/%d0%93%d0%a2%d0%9f-2.jpg"},"id":352,"priority":10},
{"action":{"type":"block"},"condition":{"urlFilter":"||nbox.bg/wp-content/uploads/*/1000x140"},"id":353,"priority":10},
{"action":{"type":"block"},"condition":{"urlFilter":"||nbox.bg/wp-content/uploads/2022/08/ndt-bghorizontal.jpg"},"id":354,"priority":10},
{"action":{"type":"block"},"condition":{"urlFilter":"||nbox.bg/wp-content/uploads/2023/09/banner2.jpg"},"id":355,"priority":10},
{"action":{"type":"block"},"condition":{"urlFilter":"||nbox.bg/wp-content/uploads/2023/11/freshvision.png"},"id":356,"priority":10},
{"action":{"type":"block"},"condition":{"urlFilter":"||nbox.bg/wp-content/uploads/2024/02/2024-02-12-13.36.00.jpg"},"id":357,"priority":10},
{"action":{"type":"block"},"condition":{"urlFilter":"||nbox.bg/wp-content/uploads/*/300x100"},"id":358,"priority":10},
{"action":{"type":"block"},"condition":{"urlFilter":"||ndk.bg/ads/"},"id":359,"priority":10},
{"action":{"type":"block"},"condition":{"urlFilter":"||bulnews.bg/uploads/cbb4fd584080450dbd10609af3d12a9249ea4918.jpeg"},"id":360,"priority":10},
{"action":{"type":"block"},"condition":{"urlFilter":"||gabrovonews.bg/wp-content/uploads/2025/11/%d0%9f%d0%be%d0%b7%d0%b8%d1%86%d0%b8%d1%8f-2-%d0%bd%d0%b0%d0%b4-%d0%bf%d0%be%d1%81%d0%bb%d0%b5%d0%b4%d0%bd%d0%b8-%d0%bd%d0%be%d0%b2%d0%b8%d0%bd%d0%b8-%d0%b2%d0%b0%d1%80%d0%b8%d0%b0%d0%bd%d1%82-2.gif"},"id":361,"priority":10},
{"action":{"type":"block"},"condition":{"urlFilter":"||ndt1.eu/wp-content/uploads/*/*/banner*"},"id":362,"priority":10},
{"action":{"type":"block"},"condition":{"urlFilter":"||ndt1.eu/wp-content/uploads/rklm/"},"id":363,"priority":10},
{"action":{"type":"block"},"condition":{"urlFilter":"||neseriozno.com/wp-content/custom/banners/"},"id":364,"priority":10},
{"action":{"type":"block"},"condition":{"urlFilter":"||nessebar-news.com/news2/wp-content/uploads/2016/02/apartments-nessebar-1.png"},"id":365,"priority":10},
{"action":{"type":"block"},"condition":{"urlFilter":"||nessebar-news.com/news2/wp-content/uploads/2016/02/banner_os-nessebar_1.jpg"},"id":366,"priority":10},
{"action":{"type":"block"},"condition":{"urlFilter":"||nessebar-news.com/news2/wp-content/uploads/2016/02/helikon.png"},"id":367,"priority":10},
{"action":{"type":"block"},"condition":{"urlFilter":"||nessebar-news.com/news2/wp-content/uploads/2016/02/sb-holding.jpg"},"id":368,"priority":10},
{"action":{"type":"block"},"condition":{"urlFilter":"||nessebar-news.com/news2/wp-content/uploads/2016/10/web_design_izrabotka_ueb_sait_320_100_1_burgas.png"},"id":369,"priority":10},
{"action":{"type":"block"},"condition":{"urlFilter":"||nessebar-news.com/news2/wp-content/uploads/2018/12/napos-1.png"},"id":370,"priority":10},
{"action":{"type":"block"},"condition":{"urlFilter":"||nessebar-news.com/news2/wp-content/uploads/2019/12/garabitov-banner.png"},"id":371,"priority":10},
{"action":{"type":"block"},"condition":{"urlFilter":"||nessebar-news.com/news2/wp-content/uploads/2021/10/img-132e5412c85d10ac11c936aa7975aca3-v-1024x792.jpg"},"id":372,"priority":10},
{"action":{"type":"block"},"condition":{"urlFilter":"||nessebar-news.com/news/images/*baner"},"id":373,"priority":10},
{"action":{"type":"block"},"condition":{"urlFilter":"||netnews.bg/wp-content/uploads/2020/12/123136110_3403052769760069_6423444834941808882_n-150x150.jpg"},"id":374,"priority":10},
{"action":{"type":"block"},"condition":{"urlFilter":"||netnews.bg/wp-content/uploads/2023/04/%d0%90%d0%a1%d0%a1%d0%90-%d0%b1%d0%b0%d0%bd%d0%b5%d1%80-5.png"},"id":375,"priority":10},
{"action":{"type":"block"},"condition":{"urlFilter":"||netnews.bg/wp-content/uploads/2023/04/kk-logo-6.jpg"},"id":376,"priority":10},
{"action":{"type":"block"},"condition":{"urlFilter":"||newbusiness.bg/banners/"},"id":377,"priority":10},
{"action":{"type":"block"},"condition":{"urlFilter":"||newregistry.bcpea.org/images/banner-home.png"},"id":378,"priority":10},
{"action":{"type":"block"},"condition":{"urlFilter":"||ngobg.info/images/banners/"},"id":379,"priority":10},
{"action":{"type":"block"},"condition":{"urlFilter":"||nibozimoti.com/wp-content/uploads/2018/04/nibozimoti.png"},"id":380,"priority":10},
{"action":{"type":"block"},"condition":{"urlFilter":"||novini.bg/brand/"},"id":381,"priority":10},
{"action":{"type":"block"},"condition":{"urlFilter":"||novini.bg/statics/adv/"},"id":382,"priority":10},
{"action":{"type":"block"},"condition":{"urlFilter":"||obiavi-bg.com/img/banners/"},"id":383,"priority":10},
{"action":{"type":"block"},"condition":{"urlFilter":"||obiavite.eu/banner/"},"id":384,"priority":10},
{"action":{"type":"block"},"condition":{"urlFilter":"||obiavite.eu/reklama/"},"id":385,"priority":10},
{"action":{"type":"block"},"condition":{"urlFilter":"||okoffice.bg/uploads/banners/"},"id":386,"priority":10},
{"action":{"type":"block"},"condition":{"urlFilter":"||dcnews.bg/wp-content/uploads/2023/12/hipnoza.gif"},"id":387,"priority":10},
{"action":{"type":"block"},"condition":{"urlFilter":"||pa-media.net/e107_images/generic/jobsora_banner1.png"},"id":388,"priority":10},
{"action":{"type":"block"},"condition":{"urlFilter":"||pa-media.net/e107_images/generic/rais_logo.jpg"},"id":389,"priority":10},
{"action":{"type":"block"},"condition":{"urlFilter":"||regiona.bg/wp-content/uploads/%d0%b0%d0%b7-%d0%ba%d0%be%d0%bd%d1%81%d1%83%d0%bb%d1%82.jpg"},"id":390,"priority":10},
{"action":{"type":"block"},"condition":{"urlFilter":"||parichka.com/banner*"},"id":391,"priority":10},
{"action":{"type":"block"},"condition":{"urlFilter":"||regiona.bg/wp-content/uploads/dani.jpg"},"id":392,"priority":10},
{"action":{"type":"block"},"condition":{"urlFilter":"||regiona.bg/wp-content/uploads/pirin-oil.jpg"},"id":393,"priority":10},
{"action":{"type":"block"},"condition":{"urlFilter":"||photo-forum.net/static/banner/"},"id":394,"priority":10},
{"action":{"type":"block"},"condition":{"urlFilter":"||pia-news.com/wp-content/uploads/2022/05/oe-looking-for.png"},"id":395,"priority":10},
{"action":{"type":"block"},"condition":{"urlFilter":"||pia-news.com/wp-content/uploads/*banner*"},"id":396,"priority":10},
{"action":{"type":"block"},"condition":{"urlFilter":"||pia-news.com/wp-content/uploads/*/pia-vision*"},"id":397,"priority":10},
{"action":{"type":"block"},"condition":{"urlFilter":"||picbg.net/center-banner.php"},"id":398,"priority":10},
{"action":{"type":"block"},"condition":{"urlFilter":"||picbg.net/up-banner.php"},"id":399,"priority":10},
{"action":{"type":"block"},"condition":{"urlFilter":"||pitam.info/baneri/"},"id":400,"priority":10},
{"action":{"type":"block"},"condition":{"urlFilter":"||plevenzapleven.bg/mallpleven.png"},"id":401,"priority":10},
{"action":{"type":"block"},"condition":{"urlFilter":"||plevenzapleven.bg/wp-content/uploads/2014/07/tibor.jpg"},"id":402,"priority":10},
{"action":{"type":"block"},"condition":{"urlFilter":"||plevenzapleven.bg/wp-content/uploads/2016/02/intermes.gif"},"id":403,"priority":10},
{"action":{"type":"block"},"condition":{"urlFilter":"||plevenzapleven.bg/wp-content/uploads/2017/04/bgprognozi.jpg"},"id":404,"priority":10},
{"action":{"type":"block"},"condition":{"urlFilter":"||plevenzapleven.bg/wp-content/uploads/*banner*"},"id":405,"priority":10},
{"action":{"type":"block"},"condition":{"urlFilter":"||plovdiv24.com/bans/"},"id":406,"priority":10},
{"action":{"type":"block"},"condition":{"urlFilter":"||plovdivnews.bg/wp-content/uploads/2024/02/2004-300-%c3%97-250-px2.png"},"id":407,"priority":10},
{"action":{"type":"block"},"condition":{"urlFilter":"||plovdivnews.bg/wp-content/uploads/2024/02/alfa_gif.gif"},"id":408,"priority":10},
{"action":{"type":"block"},"condition":{"urlFilter":"||plovdivnews.bg/wp-content/uploads/2024/02/anvers.jpg"},"id":409,"priority":10},
{"action":{"type":"block"},"condition":{"urlFilter":"||plovdivnews.bg/wp-content/uploads/2024/02/imperia2023.png"},"id":410,"priority":10},
{"action":{"type":"block"},"condition":{"urlFilter":"||plovdivnews.bg/wp-content/uploads/2024/02/petswin.jpg"},"id":411,"priority":10},
{"action":{"type":"block"},"condition":{"urlFilter":"||plovdivnews.bg/wp-content/uploads/2024/02/plovidv-.png"},"id":412,"priority":10},
{"action":{"type":"block"},"condition":{"urlFilter":"||plovdivnews.bg/wp-content/uploads/2024/02/rila728x90.gif"},"id":413,"priority":10},
{"action":{"type":"block"},"condition":{"urlFilter":"||plovdivnews.bg/wp-content/uploads/2024/03/balkancar.jpg"},"id":414,"priority":10},
{"action":{"type":"block"},"condition":{"urlFilter":"||plovdivnews.bg/wp-content/uploads/2024/03/destiny728.jpg"},"id":415,"priority":10},
{"action":{"type":"block"},"condition":{"urlFilter":"||plovdivnews.bg/wp-content/uploads/2024/03/sp2-728.gif"},"id":416,"priority":10},
{"action":{"type":"block"},"condition":{"urlFilter":"||plovdivnews.net/images/banners/"},"id":417,"priority":10},
{"action":{"type":"block"},"condition":{"urlFilter":"||plovdivnews.net/images/stories/mih*"},"id":418,"priority":10},
{"action":{"type":"block"},"condition":{"urlFilter":"||plovdiv-online.com/images/banners"},"id":419,"priority":10},
{"action":{"type":"block"},"condition":{"urlFilter":"||plovdiv-press.bg/wp-content/uploads/2018/12/%d0%a5%d0%be%d1%82%d0%b5%d0%bb-%d1%80%d0%b5%d1%81%d1%82%d0%be%d1%80%d0%b0%d0%bd%d1%82_%d0%9e%d0%94%d0%95%d0%9e%d0%9d.gif-baner.gif"},"id":420,"priority":10},
{"action":{"type":"block"},"condition":{"urlFilter":"||plovdiv-press.bg/wp-content/uploads/2020/03/visvitalis21.gif"},"id":421,"priority":10},
{"action":{"type":"block"},"condition":{"urlFilter":"||plovdiv-press.bg/wp-content/uploads/2020/06/20200615_130534.gif"},"id":422,"priority":10},
{"action":{"type":"block"},"condition":{"urlFilter":"||plovdiv-press.bg/wp-content/uploads/2020/11/logo-sopharma_trading-900x100px-02-1-e1604819327935.jpg"},"id":423,"priority":10},
{"action":{"type":"block"},"condition":{"urlFilter":"||plovdiv-press.bg/wp-content/uploads/2020/12/131303314_2275972302547602_6754989153085805113_o.jpg"},"id":424,"priority":10},
{"action":{"type":"block"},"condition":{"urlFilter":"||plovdiv-press.bg/wp-content/uploads/2021/04/banner_pld_press_350x300.jpg"},"id":425,"priority":10},
{"action":{"type":"block"},"condition":{"urlFilter":"||plovdiv-press.bg/wp-content/uploads/2021/10/goldenbvrg-organization-2.gif"},"id":426,"priority":10},
{"action":{"type":"block"},"condition":{"urlFilter":"||plovdiv-press.bg/wp-content/uploads/2021/10/pimk-1.gif"},"id":427,"priority":10},
{"action":{"type":"block"},"condition":{"urlFilter":"||plovdiv-press.bg/wp-content/uploads/2021/10/pimk-ujen-2-1.gif"},"id":428,"priority":10},
{"action":{"type":"block"},"condition":{"urlFilter":"||plovdiv-press.bg/wp-content/uploads/2021/11/-%d0%93%d0%b5%d0%bd%d0%be%d0%b2-scaled-e1636035723368.jpg"},"id":429,"priority":10},
{"action":{"type":"block"},"condition":{"urlFilter":"||plovdiv-press.bg/wp-content/uploads/2021/11/%d0%9c%d0%b0%d1%80%d0%b8%d1%8f-%d0%9a%d0%b0%d0%bf%d0%be%d0%bd-1.jpg"},"id":430,"priority":10},
{"action":{"type":"block"},"condition":{"urlFilter":"||poligraff.net/uploads/banners"},"id":431,"priority":10},
{"action":{"type":"block"},"condition":{"urlFilter":"||politikata.net/img/newlekuvaileft.jpg"},"id":432,"priority":10},
{"action":{"type":"block"},"condition":{"urlFilter":"||politikata.net/img/newlekuvairight.jpg"},"id":433,"priority":10},
{"action":{"type":"block"},"condition":{"urlFilter":"||predpriemach.com/b/"},"id":434,"priority":10},
{"action":{"type":"block"},"condition":{"urlFilter":"||presstv.bg/wp-content/uploads/2015/12/xpress-online.png*"},"id":435,"priority":10},
{"action":{"type":"block"},"condition":{"urlFilter":"||presstv.bg/wp-content/uploads/2016/04/alba_baner.png*"},"id":436,"priority":10},
{"action":{"type":"block"},"condition":{"urlFilter":"||presstv.bg/wp-content/uploads/2016/06/xdamascena_300x245.jpg*"},"id":437,"priority":10},
{"action":{"type":"block"},"condition":{"urlFilter":"||presstv.bg/wp-content/uploads/2016/08/banner-tryavna-1.jpg*"},"id":438,"priority":10},
{"action":{"type":"block"},"condition":{"urlFilter":"||presstv.bg/wp-content/uploads/2016/10/xgraph-design-press728x90.jpg*"},"id":439,"priority":10},
{"action":{"type":"block"},"condition":{"urlFilter":"||presstv.bg/wp-content/uploads/2017/03/xdps_halil.jpg*"},"id":440,"priority":10},
{"action":{"type":"block"},"condition":{"urlFilter":"||presstv.bg/wp-content/uploads/*250x300"},"id":441,"priority":10},
{"action":{"type":"block"},"condition":{"urlFilter":"||pricedefend.com*.js^"},"id":442,"priority":10},
{"action":{"type":"block"},"condition":{"urlFilter":"||pronewsdobrich.bg/?h=bannerfile"},"id":443,"priority":10},
{"action":{"type":"block"},"condition":{"urlFilter":"||regiona.bg/wp-content/uploads/vik.jpg"},"id":444,"priority":10},
{"action":{"type":"block"},"condition":{"urlFilter":"slivensega.files.wordpress.com/2022/03/doctor-1.jpg"},"id":445,"priority":10},
{"action":{"type":"block"},"condition":{"urlFilter":"||razkritia.com/wp-content/uploads/*300_50*"},"id":446,"priority":10},
{"action":{"type":"block"},"condition":{"urlFilter":"||razkritia.com/wp-content/uploads/*960x90*"},"id":447,"priority":10},
{"action":{"type":"block"},"condition":{"urlFilter":"||razkritia.com/wp-content/uploads/banner*"},"id":448,"priority":10},
{"action":{"type":"block"},"condition":{"urlFilter":"slivensega.wordpress.com/wp-content/uploads/2019/03/e295a8d0a1e295a8e29691e295a8e2959ce295a8e295a1e295a4d090-e295a8e2959ce295a8e2959be295a8e29693-1.jpg"},"id":449,"priority":10},
{"action":{"type":"block"},"condition":{"urlFilter":"slivensega.wordpress.com/wp-content/uploads/2019/04/obshtina-2.jpg"},"id":450,"priority":10},
{"action":{"type":"block"},"condition":{"urlFilter":"slivensega.wordpress.com/wp-content/uploads/2019/04/untitled-10.jpg"},"id":451,"priority":10},
{"action":{"type":"block"},"condition":{"urlFilter":"||recepty.bg/fbanners/"},"id":452,"priority":10},
{"action":{"type":"block"},"condition":{"urlFilter":"||recepty.bg/flashbanners/"},"id":453,"priority":10},
{"action":{"type":"block"},"condition":{"urlFilter":"||rechnik-bg.com/images/banner*"},"id":454,"priority":10},
{"action":{"type":"block"},"condition":{"urlFilter":"||zapadno.com/wp-content/uploads/2016/12/logo-na-tv-met-preorazmereno.jpg"},"id":455,"priority":10},
{"action":{"type":"block"},"condition":{"urlFilter":"||regnews.net/img/bg_ipocredit.png"},"id":456,"priority":10},
{"action":{"type":"block"},"condition":{"urlFilter":"||regnews.net/pic/banners/"},"id":457,"priority":10},
{"action":{"type":"block"},"condition":{"urlFilter":"||regnews.net/user_pic/flash/"},"id":458,"priority":10},
{"action":{"type":"block"},"condition":{"urlFilter":"||regnews.net/user_pic/images/banners/"},"id":459,"priority":10},
{"action":{"type":"block"},"condition":{"urlFilter":"||renault-bg.com/smf/bn/"},"id":460,"priority":10},
{"action":{"type":"block"},"condition":{"urlFilter":"||renault-bg.com/smf/bnn"},"id":461,"priority":10},
{"action":{"type":"block"},"condition":{"urlFilter":"||reset.bg/images/banners/"},"id":462,"priority":10},
{"action":{"type":"block"},"condition":{"urlFilter":"||rezervaciq.com/img/banners"},"id":463,"priority":10},
{"action":{"type":"block"},"condition":{"urlFilter":"||zapadno.com/wp-content/uploads/2024/03/dopulnitelno-pensionno-osigurqvane.jpg"},"id":464,"priority":10},
{"action":{"type":"block"},"condition":{"urlFilter":"||rositza.com/wp-content/uploads/2019/03/vidimalogo.jpg"},"id":465,"priority":10},
{"action":{"type":"block"},"condition":{"urlFilter":"||rositza.com/wp-content/uploads/2019/11/abonament.jpg"},"id":466,"priority":10},
{"action":{"type":"block"},"condition":{"urlFilter":"||sandacite.bg/wp-content/uploads/2012/08/11100972_846509388770373_1194460155_n.jpg"},"id":467,"priority":10},
{"action":{"type":"block"},"condition":{"urlFilter":"||segabg.com/a/"},"id":468,"priority":10},
{"action":{"type":"block"},"condition":{"urlFilter":"||seir-sanduk.com/images/baner*"},"id":469,"priority":10},
{"action":{"type":"block"},"condition":{"urlFilter":"||senzacia.net/wp-content/uploads/2012/02/biokod4.jpg"},"id":470,"priority":10},
{"action":{"type":"block"},"condition":{"urlFilter":"||senzacia.net/wp-content/uploads/2012/02/estetika21.jpg"},"id":471,"priority":10},
{"action":{"type":"block"},"condition":{"urlFilter":"||senzacia.net/wp-content/uploads/2014/02/biokod2.jpg"},"id":472,"priority":10},
{"action":{"type":"block"},"condition":{"urlFilter":"||senzacia.net/wp-content/uploads/2015/05/top-siluet.gif"},"id":473,"priority":10},
{"action":{"type":"block"},"condition":{"urlFilter":"||senzacia.net/wp-content/uploads/2018/03/autodoc.jpg"},"id":474,"priority":10},
{"action":{"type":"block"},"condition":{"urlFilter":"||senzacia.net/wp-content/uploads/*/*300x250"},"id":475,"priority":10},
{"action":{"type":"block"},"condition":{"urlFilter":"||zapadno.com/wp-content/uploads/wp-vertical-image-slider/16409323_10210927875860175_1926463294_o-768x654-1.jpg"},"id":476,"priority":10},
{"action":{"type":"block"},"condition":{"urlFilter":"||gabrovonews.bg/wp-content/uploads/2025/11/navtech_banner-400-x-350-px.png"},"id":477,"priority":10},
{"action":{"type":"block"},"condition":{"urlFilter":"||shum.bg/ads/"},"id":478,"priority":10},
{"action":{"type":"block"},"condition":{"urlFilter":"||gabrovonews.bg/wp-content/uploads/2025/12/250225083706-1024x171-3-1.jpg"},"id":479,"priority":10},
{"action":{"type":"block"},"condition":{"urlFilter":"||zapadno.com/wp-content/uploads/wp-vertical-image-slider/baner-na-mlekomat-slakovci.jpg"},"id":480,"priority":10},
{"action":{"type":"block"},"condition":{"urlFilter":"||zapadno.com/wp-content/uploads/wp-vertical-image-slider/baner-na-servizen-centur-spoint-v-breznik-scaled.jpg"},"id":481,"priority":10},
{"action":{"type":"block"},"condition":{"urlFilter":"||gabrovonews.bg/wp-content/uploads/2025/12/250225083706-1024x171-3.jpg"},"id":482,"priority":10},
{"action":{"type":"block"},"condition":{"urlFilter":"||zapadno.com/wp-content/uploads/wp-vertical-image-slider/baner-sklad-za-durva-v-breznik-nov-s-cena-130-leva.jpg"},"id":483,"priority":10},
{"action":{"type":"block"},"condition":{"urlFilter":"||zapadno.com/wp-content/uploads/wp-vertical-image-slider/terra-%d0%9b%d0%9e%d0%93%d0%9e.jpg"},"id":484,"priority":10},
{"action":{"type":"block"},"condition":{"resourceTypes":["image"],"urlFilter":"||free.bg/970x90.gif"},"id":485,"priority":10},
{"action":{"type":"block"},"condition":{"urlFilter":"||simonovi-bgshop.com/banners/"},"id":486,"priority":10},
{"action":{"type":"block"},"condition":{"urlFilter":"||gabrovonews.bg/wp-content/uploads/2025/12/%d0%92%d0%b0%d1%80%d0%b8%d0%b0%d0%bd%d1%823-1024x171-3-1.jpg"},"id":487,"priority":10},
{"action":{"type":"block"},"condition":{"urlFilter":"||skandalno.net/wp-content/themes/wpadvnewspaper/baneri/"},"id":488,"priority":10},
{"action":{"type":"block"},"condition":{"urlFilter":"||skandalno.net/wp-content/uploads/*128x300"},"id":489,"priority":10},
{"action":{"type":"block"},"condition":{"urlFilter":"||skandalno.net/wp-content/uploads/2014/02/estetika.png"},"id":490,"priority":10},
{"action":{"type":"block"},"condition":{"urlFilter":"||skandalno.net/wp-content/uploads/*300x250"},"id":491,"priority":10},
{"action":{"type":"block"},"condition":{"urlFilter":"||skandalno.net/wp-content/uploads/baneri/"},"id":492,"priority":10},
{"action":{"type":"block"},"condition":{"urlFilter":"||sliven.biz/baner*"},"id":493,"priority":10},
{"action":{"type":"block"},"condition":{"urlFilter":"||sliveninfo.bg/wp-content/uploads/2017/11/albatros300250.jpg"},"id":494,"priority":10},
{"action":{"type":"block"},"condition":{"urlFilter":"||sliveninfo.bg/wp-content/uploads/2017/11/*baner*"},"id":495,"priority":10},
{"action":{"type":"block"},"condition":{"urlFilter":"||sliveninfo.bg/wp-content/uploads/2017/11/banner-dkc1-sliven.jpg"},"id":496,"priority":10},
{"action":{"type":"block"},"condition":{"urlFilter":"||sliveninfo.bg/wp-content/uploads/2017/11/comnet-big.gif"},"id":497,"priority":10},
{"action":{"type":"block"},"condition":{"urlFilter":"||sliveninfo.bg/wp-content/uploads/2017/12/%d0%b1%d0%b0%d0%bd%d0%b5%d1%80-%d0%be%d0%b1%d0%be%d1%85%d1%80%d0%b0%d0%bd%d0%b0.jpg"},"id":498,"priority":10},
{"action":{"type":"block"},"condition":{"urlFilter":"||sliveninfo.bg/wp-content/uploads/2018/01/sliveninfo.jpg"},"id":499,"priority":10},
{"action":{"type":"block"},"condition":{"urlFilter":"||sliveninfo.bg/wp-content/uploads/2018/01/toplofikacia.jpg"},"id":500,"priority":10},
{"action":{"type":"block"},"condition":{"urlFilter":"||sliveninfo.bg/wp-content/uploads/2019/01/banner-dkc2.png"},"id":501,"priority":10},
{"action":{"type":"block"},"condition":{"urlFilter":"||sliveninfo.bg/wp-content/uploads/2019/02/za_sliveninfo_970px_140px_static.jpg"},"id":502,"priority":10},
{"action":{"type":"block"},"condition":{"urlFilter":"||sliveninfo.bg/wp-content/uploads/2019/09/250.300.jpg"},"id":503,"priority":10},
{"action":{"type":"block"},"condition":{"urlFilter":"||sliveninfo.bg/wp-content/uploads/2019/10/16_10_logo_yot_gi_val_970x140-copy.jpg"},"id":504,"priority":10},
{"action":{"type":"block"},"condition":{"urlFilter":"||sliveninfo.bg/wp-content/uploads/2020/02/banner-outlet.jpg"},"id":505,"priority":10},
{"action":{"type":"block"},"condition":{"urlFilter":"||sliveninfo.bg/wp-content/uploads/2020/08/banner-1.jpg"},"id":506,"priority":10},
{"action":{"type":"block"},"condition":{"urlFilter":"||sliveninfo.bg/wp-content/uploads/2020/12/comnet.gif"},"id":507,"priority":10},
{"action":{"type":"block"},"condition":{"urlFilter":"||sliveninfo.bg/wp-content/uploads/2020/12/dika3.png"},"id":508,"priority":10},
{"action":{"type":"block"},"condition":{"urlFilter":"||sliveninfo.bg/wp-content/uploads/2020/12/ismbal.jpg"},"id":509,"priority":10},
{"action":{"type":"block"},"condition":{"urlFilter":"||sliveninfo.bg/wp-content/uploads/2020/12/obshtinasliven.jpg"},"id":510,"priority":10},
{"action":{"type":"block"},"condition":{"urlFilter":"||sliveninfo.bg/wp-content/uploads/2023/01/sliven-info_outlet-sliven_banner-300_250.jpg"},"id":511,"priority":10},
{"action":{"type":"block"},"condition":{"urlFilter":"||sliveninfo.bg/wp-content/uploads/2023/03/image001.png"},"id":512,"priority":10},
{"action":{"type":"block"},"condition":{"urlFilter":"||sliveninfo.bg/wp-content/uploads/2023/03/image002.png"},"id":513,"priority":10},
{"action":{"type":"block"},"condition":{"urlFilter":"||sliveninfo.bg/wp-content/uploads/2023/06/banner_970x140_23.jpg"},"id":514,"priority":10},
{"action":{"type":"block"},"condition":{"urlFilter":"||sliveninfo.bg/wp-content/uploads/2023/10/dorislogo970x140jpg.jpg"},"id":515,"priority":10},
{"action":{"type":"block"},"condition":{"urlFilter":"||sliveninfo.bg/wp-content/uploads/2024/01/b6.gif"},"id":516,"priority":10},
{"action":{"type":"block"},"condition":{"urlFilter":"||sliveninfo.bg/wp-content/uploads/2024/02/img_4690.jpg"},"id":517,"priority":10},
{"action":{"type":"block"},"condition":{"urlFilter":"||sliveninfo.bg/wp-content/uploads/2024/06/infobox_brother_0624.gif"},"id":518,"priority":10},
{"action":{"type":"block"},"condition":{"urlFilter":"||sliveninfo.bg/wp-content/uploads/*300x250"},"id":519,"priority":10},
{"action":{"type":"block"},"condition":{"urlFilter":"||sliven-news.com/images/stories/slujebni/"},"id":520,"priority":10},
{"action":{"type":"block"},"condition":{"urlFilter":"||slivenpress.bg/images/banners/"},"id":521,"priority":10},
{"action":{"type":"block"},"condition":{"urlFilter":"slivensega.files.wordpress.com/2014/11/sk.jpg"},"id":522,"priority":10},
{"action":{"type":"block"},"condition":{"urlFilter":"||gabrovonews.bg/wp-content/uploads/2025/12/%d0%92%d0%b0%d1%80%d0%b8%d0%b0%d0%bd%d1%823-1024x171-3.jpg"},"id":523,"priority":10},
{"action":{"type":"block"},"condition":{"urlFilter":"||gabrovonews.bg/wp-content/uploads/2025/12/img-97842348b13a2f0766804d2c98f8589e-v-1-1024x171-2-1-1.jpg"},"id":524,"priority":10},
{"action":{"type":"block"},"condition":{"urlFilter":"||lupa.bg/box/img/credissimo"},"id":525,"priority":10},
{"action":{"type":"block"},"condition":{"urlFilter":"sliventribune.files.wordpress.com/2020/06/untitled.jpg"},"id":526,"priority":10},
{"action":{"type":"block"},"condition":{"urlFilter":"||smartnews.bg/wp-content/uploads/*anner*"},"id":527,"priority":10},
{"action":{"type":"block"},"condition":{"urlFilter":"||smolyandnes.com/photo_gallery/archive_photos/archive_photos/archive_photos/archive_photos/archive_photos/archive_photos/banners"},"id":528,"priority":10},
{"action":{"type":"block"},"condition":{"urlFilter":"||smolyandnes.com/photo_gallery/archive_photos/banners/"},"id":529,"priority":10},
{"action":{"type":"block"},"condition":{"urlFilter":"||smolyanpress.net/wp-content/uploads/2011/12/posoki-jpg.jpg"},"id":530,"priority":10},
{"action":{"type":"block"},"condition":{"urlFilter":"||smolyanpress.net/wp-content/uploads/2012/09/garlo.gif"},"id":531,"priority":10},
{"action":{"type":"block"},"condition":{"urlFilter":"||smolyanpress.net/wp-content/uploads/2013/08/m_pojar_new.gif"},"id":532,"priority":10},
{"action":{"type":"block"},"condition":{"urlFilter":"||smolyanpress.net/wp-content/uploads/2016/02/yagnevo.png"},"id":533,"priority":10},
{"action":{"type":"block"},"condition":{"urlFilter":"||smolyanpress.net/wp-content/uploads/2016/07/ek_latograd.jpg"},"id":534,"priority":10},
{"action":{"type":"block"},"condition":{"urlFilter":"||smolyanpress.net/wp-content/uploads/2016/09/athome.gif"},"id":535,"priority":10},
{"action":{"type":"block"},"condition":{"urlFilter":"||lupa.bg/box/img/magnezon"},"id":536,"priority":10},
{"action":{"type":"block"},"condition":{"urlFilter":"||sofspravka.info/index.php?go=_common&p=banner"},"id":537,"priority":10},
{"action":{"type":"block"},"condition":{"urlFilter":"||southwest-business.com/images/banners/"},"id":538,"priority":10},
{"action":{"type":"block"},"condition":{"urlFilter":"||spearfish.org/pic/b/"},"id":539,"priority":10},
{"action":{"type":"block"},"condition":{"urlFilter":"||sport1.bg/feeds/"},"id":540,"priority":10},
{"action":{"type":"block"},"condition":{"urlFilter":"||sportal.bg/brand_images/"},"id":541,"priority":10},
{"action":{"type":"block"},"condition":{"urlFilter":"||standartnews.com/media/banners/"},"id":542,"priority":10},
{"action":{"type":"block"},"condition":{"urlFilter":"||lupa.bg/box/img/sorena_"},"id":543,"priority":10},
{"action":{"type":"block"},"condition":{"urlFilter":"||static2.cs-bg.net/*/banners/"},"id":544,"priority":10},
{"action":{"type":"block"},"condition":{"urlFilter":"static.biznes-bulgaria.com/images/banners/"},"id":545,"priority":10},
{"action":{"type":"block"},"condition":{"urlFilter":"static.bnr.bg/gallery/01/01c780ef0f95c6c53a504d12fdae95de.gif"},"id":546,"priority":10},
{"action":{"type":"block"},"condition":{"urlFilter":"||static.bnr.bg/gallery/cr/8a741e10a78bb4ae8eee74489fcc0a1e.jpg"},"id":547,"priority":10},
{"action":{"type":"block"},"condition":{"urlFilter":"static.mbclub.bg/banners/"},"id":548,"priority":10},
{"action":{"type":"block"},"condition":{"urlFilter":"static.petel.bg/media/banners/"},"id":549,"priority":10},
{"action":{"type":"block"},"condition":{"urlFilter":"static.petel.bg/resources/2020/01/27/iright_niramar-zaglavna.jpg"},"id":550,"priority":10},
{"action":{"type":"block"},"condition":{"urlFilter":"||presstv.bg/wp-content/uploads/2025/10/vento-consult-.png"},"id":551,"priority":10},
{"action":{"type":"block"},"condition":{"urlFilter":"||store.bg/ads/"},"id":552,"priority":10},
{"action":{"type":"block"},"condition":{"urlFilter":"||stz24.com/template/stz24/banner/"},"id":553,"priority":10},
{"action":{"type":"block"},"condition":{"urlFilter":"subs.sab.bz/images/baner.jpg"},"id":554,"priority":10},
{"action":{"type":"block"},"condition":{"urlFilter":"subs.sab.bz/images/lev_ok.gif"},"id":555,"priority":10},
{"action":{"type":"block"},"condition":{"urlFilter":"||subsunacs.net/images/*@"},"id":556,"priority":10},
{"action":{"type":"block"},"condition":{"urlFilter":"||subsunacs.net/tvds*"},"id":557,"priority":10},
{"action":{"type":"block"},"condition":{"urlFilter":"||supichka.com/assets/images/*350_450.jpg"},"id":558,"priority":10},
{"action":{"type":"block"},"condition":{"urlFilter":"||supichka.com/assets/images/perun.jpg"},"id":559,"priority":10},
{"action":{"type":"block"},"condition":{"urlFilter":"||radio999bg.com/images/radio999bg/cache/banner/reklama22-320x290.png"},"id":560,"priority":10},
{"action":{"type":"block"},"condition":{"urlFilter":"||temanews.com/img/banners/"},"id":561,"priority":10},
{"action":{"type":"block"},"condition":{"urlFilter":"||teniski.be/*468x60."},"id":562,"priority":10},
{"action":{"type":"block"},"condition":{"urlFilter":"||teniski.be/images/shops*"},"id":563,"priority":10},
{"action":{"type":"block"},"condition":{"urlFilter":"||teniski.be/pix/"},"id":564,"priority":10},
{"action":{"type":"block"},"condition":{"urlFilter":"||thesofiatimes.com/wp-content/uploads/2017/11/lreb-2-300x250.jpg"},"id":565,"priority":10},
{"action":{"type":"block"},"condition":{"urlFilter":"||thesofiatimes.com/wp-content/uploads/2018/08/legal_services_3.jpg"},"id":566,"priority":10},
{"action":{"type":"block"},"condition":{"urlFilter":"||thesofiatimes.com/wp-content/uploads/2018/08/lreb201-300x250.jpg"},"id":567,"priority":10},
{"action":{"type":"block"},"condition":{"urlFilter":"||thesofiatimes.com/wp-content/uploads/2019/03/lbg-2.jpg"},"id":568,"priority":10},
{"action":{"type":"block"},"condition":{"urlFilter":"||thesofiatimes.com/wp-content/uploads/2019/03/naemi.jpg"},"id":569,"priority":10},
{"action":{"type":"block"},"condition":{"urlFilter":"||thesofiatimes.com/wp-content/uploads/2020/11/guitarra-musica-de-hard-rock-copy-copy.jpg"},"id":570,"priority":10},
{"action":{"type":"block"},"condition":{"urlFilter":"||thesofiatimes.com/wp-content/uploads/2020/11/tropicradio2-copy.jpg"},"id":571,"priority":10},
{"action":{"type":"block"},"condition":{"urlFilter":"||thesofiatimes.com/wp-content/uploads/2022/11/%d0%b4%d0%be%d0%bc%d0%be%d1%83%d0%bf%d1%80%d0%b0%d0%b2%d0%b8%d1%82%d0%b5%d0%bb-3.jpg"},"id":572,"priority":10},
{"action":{"type":"block"},"condition":{"urlFilter":"||thesofiatimes.com/wp-content/uploads/2022/11/meditation-music-zen-cover.jpg"},"id":573,"priority":10},
{"action":{"type":"block"},"condition":{"urlFilter":"||thesofiatimes.com/wp-content/uploads/2023/02/dpdw3-copy-copy-2-copy.jpg"},"id":574,"priority":10},
{"action":{"type":"block"},"condition":{"urlFilter":"||thesofiatimes.com/wp-content/uploads/2023/02/smmm3.jpg"},"id":575,"priority":10},
{"action":{"type":"block"},"condition":{"urlFilter":"||thesofiatimes.com/wp-content/uploads/2023/09/al1.jpg"},"id":576,"priority":10},
{"action":{"type":"block"},"condition":{"urlFilter":"||topbg.org/banners"},"id":577,"priority":10},
{"action":{"type":"block"},"condition":{"urlFilter":"||topofertite.com/files/backgrounds/"},"id":578,"priority":10},
{"action":{"type":"block"},"condition":{"urlFilter":"||topofertite.com/templates/dealzilla/rj/*.png"},"id":579,"priority":10},
{"action":{"type":"block"},"condition":{"urlFilter":"||toppresa.com/wp-content/uploads/2015/07/vinarska_izba-1.jpg"},"id":580,"priority":10},
{"action":{"type":"block"},"condition":{"urlFilter":"||toppresa.com/wp-content/uploads/2021/05/28516350_1674367079273202_6111861376765808787_o*.jpg"},"id":581,"priority":10},
{"action":{"type":"block"},"condition":{"urlFilter":"||toppresa.com/wp-content/uploads/2021/11/az-consult-1217*.jpeg"},"id":582,"priority":10},
{"action":{"type":"block"},"condition":{"urlFilter":"||toppresa.com/wp-content/uploads/2021/11/rollmann_visual1.jpeg"},"id":583,"priority":10},
{"action":{"type":"block"},"condition":{"urlFilter":"||toppresa.com/wp-content/uploads/2021/11/untitled-1*.jpeg"},"id":584,"priority":10},
{"action":{"type":"block"},"condition":{"urlFilter":"||toppresa.com/wp-content/uploads/2022/02/32cba9d5e1afedb46c47fa30f684447b_xl.jpeg"},"id":585,"priority":10},
{"action":{"type":"block"},"condition":{"urlFilter":"||toppresa.com/wp-content/uploads/2022/04/bay_iliya_logo_bgr_colors-1261073139-*0.png"},"id":586,"priority":10},
{"action":{"type":"block"},"condition":{"urlFilter":"||toppresa.com/wp-content/uploads/2023/03/untitled-4.jpg"},"id":587,"priority":10},
{"action":{"type":"block"},"condition":{"urlFilter":"||toppresa.com/wp-content/uploads/2023/04/img_1661.jpg"},"id":588,"priority":10},
{"action":{"type":"block"},"condition":{"urlFilter":"||toppresa.com/wp-content/uploads/2023/06/screenshot-2023-06-02-at-11.49.16.png"},"id":589,"priority":10},
{"action":{"type":"block"},"condition":{"urlFilter":"||struma.com/banners/"},"id":590,"priority":10},
{"action":{"type":"block"},"condition":{"urlFilter":"||tvn.bg/wp-content/uploads/2018/09/aaaaaaaaaaaaaa.jpg"},"id":591,"priority":10},
{"action":{"type":"block"},"condition":{"urlFilter":"||tvn.bg/wp-content/uploads/*baner.gif"},"id":592,"priority":10},
{"action":{"type":"block"},"condition":{"urlFilter":"||tvn.bg/wp-content/uploads/*banner.jpg"},"id":593,"priority":10},
{"action":{"type":"block"},"condition":{"urlFilter":"||tvn.bg/wp-content/uploads/networx.gif"},"id":594,"priority":10},
{"action":{"type":"block"},"condition":{"urlFilter":"||tvn.bg/wp-content/uploads/vipal.gif"},"id":595,"priority":10},
{"action":{"type":"block"},"condition":{"urlFilter":"||uroci.net/images/export/baners"},"id":596,"priority":10},
{"action":{"type":"block"},"condition":{"urlFilter":"||utre.bg/images/banners/"},"id":597,"priority":10},
{"action":{"type":"block"},"condition":{"urlFilter":"||varna-bulgaria.info/wp-content/uploads/2013/06/kayak_trip_varna.jpg"},"id":598,"priority":10},
{"action":{"type":"block"},"condition":{"urlFilter":"||varna-sport.com/wp-content/themes/supermag/assets/img/supermag-new-ad.png"},"id":599,"priority":10},
{"action":{"type":"block"},"condition":{"urlFilter":"||varna-sport.com/wp-content/uploads/2019/05/der_touristik_charters_airlanes_final_2018.gif"},"id":600,"priority":10},
{"action":{"type":"block"},"condition":{"urlFilter":"||veliko-tarnovo.net/static/aleks-ok.jpg"},"id":601,"priority":10},
{"action":{"type":"block"},"condition":{"urlFilter":"||veliko-tarnovo.net/static/reklamirai.jpg"},"id":602,"priority":10},
{"action":{"type":"block"},"condition":{"urlFilter":"||venera.bg/images/1/6/2650.jpg"},"id":603,"priority":10},
{"action":{"type":"block"},"condition":{"urlFilter":"||versia.bg/images/flash/"},"id":604,"priority":10},
{"action":{"type":"block"},"condition":{"urlFilter":"||vestnikutro.com/wp-content/uploads/2023/09/22008166-copy2.jpg"},"id":605,"priority":10},
{"action":{"type":"block"},"condition":{"urlFilter":"||viaranews.com/wp-content/uploads/2018/10/imgpsh_fullsize-2222222222.jpg"},"id":606,"priority":10},
{"action":{"type":"block"},"condition":{"urlFilter":"||viaranews.com/wp-content/uploads/2018/11/copy-of-viara-logo-new-site-copy.jpg"},"id":607,"priority":10},
{"action":{"type":"block"},"condition":{"urlFilter":"||viaranews.com/wp-content/uploads/2019/01/grand.jpg"},"id":608,"priority":10},
{"action":{"type":"block"},"condition":{"urlFilter":"||vipoferta.bg/abans/"},"id":609,"priority":10},
{"action":{"type":"block"},"condition":{"urlFilter":"||vipoferta.bg/banners/"},"id":610,"priority":10},
{"action":{"type":"block"},"condition":{"urlFilter":"||vipoferta.bg/elitbgaff/"},"id":611,"priority":10},
{"action":{"type":"block"},"condition":{"urlFilter":"||visitbulgaria.net/rotbnr_visit/"},"id":612,"priority":10},
{"action":{"type":"block"},"condition":{"urlFilter":"||v-maps.com/banner.jpg"},"id":613,"priority":10},
{"action":{"type":"block"},"condition":{"urlFilter":"||vnews.bg/wp-content/themes/vnews/images/banner*"},"id":614,"priority":10},
{"action":{"type":"block"},"condition":{"urlFilter":"||vnews.bg/wp-content/themes/vnews/images/finalflat2.jpg"},"id":615,"priority":10},
{"action":{"type":"block"},"condition":{"urlFilter":"||vnews.bg/wp-content/themes/vnews/images/vik-varna-banner.jpg"},"id":616,"priority":10},
{"action":{"type":"block"},"condition":{"urlFilter":"||zapadno.com/wp-content/uploads/2025/12/baner-stroitelna-borsa-borton-nov-s-logo-1536x493.jpg"},"id":617,"priority":10},
{"action":{"type":"block"},"condition":{"urlFilter":"||webdesign-bulgaria.com/images/banners"},"id":618,"priority":10},
{"action":{"type":"block"},"condition":{"urlFilter":"||dcnews.bg/wp-content/uploads/2024/02/niken-e1709132843610.png"},"id":619,"priority":10},
{"action":{"type":"block"},"condition":{"urlFilter":"webmoney.borsa.bg/bannerfactory.php5"},"id":620,"priority":10},
{"action":{"type":"block"},"condition":{"urlFilter":"||webnews.bg/uploads/files/"},"id":621,"priority":10},
{"action":{"type":"block"},"condition":{"urlFilter":"||websitepr.eu/baneri-site/"},"id":622,"priority":10},
{"action":{"type":"block"},"condition":{"urlFilter":"||websitepr.eu/wp-content/themes/divi/images/300x2501.png"},"id":623,"priority":10},
{"action":{"type":"block"},"condition":{"urlFilter":"||websitepr.eu/wp-content/themes/divi/images/baner*"},"id":624,"priority":10},
{"action":{"type":"block"},"condition":{"urlFilter":"||www.iskra.bg/wp-content/uploads/2022/02/4-klimatici-1.jpg"},"id":625,"priority":10},
{"action":{"type":"block"},"condition":{"urlFilter":"||xn--80aagchfanjcc6aftsr6a.com/images/avtogumi.gif"},"id":626,"priority":10},
{"action":{"type":"block"},"condition":{"urlFilter":"||xn--80aagchfanjcc6aftsr6a.com/images/banners/"},"id":627,"priority":10},
{"action":{"type":"block"},"condition":{"urlFilter":"||yambolnews.net/images/banners/"},"id":628,"priority":10},
{"action":{"type":"block"},"condition":{"urlFilter":"||yavka.net/abis/"},"id":629,"priority":10},
{"action":{"type":"block"},"condition":{"urlFilter":"||zagoranews.bg/wp-content/uploads/2015/05/medina-med-banner-side-.jpg"},"id":631,"priority":10},
{"action":{"type":"block"},"condition":{"urlFilter":"||zajenata.bg/img/brand/"},"id":632,"priority":10},
{"action":{"type":"block"},"condition":{"urlFilter":"||zamunda.net/*banner*"},"id":633,"priority":10},
{"action":{"type":"block"},"condition":{"urlFilter":"||zamunda.net/pic/img4/bitbucket/58955/1578729817_2627350.jpg"},"id":634,"priority":10},
{"action":{"type":"block"},"condition":{"urlFilter":"||zamunda.net/pic/img4/bitbucket/uploads/1652857541_8079278.png"},"id":635,"priority":10},
{"action":{"type":"block"},"condition":{"urlFilter":"||zapernik.com/wp-content/uploads/2016/09/153.jpg"},"id":636,"priority":10},
{"action":{"type":"block"},"condition":{"urlFilter":"||zapernik.com/wp-content/uploads/2021/06/baner_prekasvania_300_250px_arial.jpg"},"id":637,"priority":10},
{"action":{"type":"block"},"condition":{"urlFilter":"||zapernik.com/wp-content/uploads/2021/08/300h250.png"},"id":638,"priority":10},
{"action":{"type":"block"},"condition":{"urlFilter":"||zarata.info/14_02_2017_diplomat.gif"},"id":639,"priority":10},
{"action":{"type":"block"},"condition":{"urlFilter":"||zarata.info/*.html"},"id":640,"priority":10},
{"action":{"type":"block"},"condition":{"urlFilter":"||zarata.info/rotator"},"id":641,"priority":10},
{"action":{"type":"block"},"condition":{"urlFilter":"||zarata.info/wp-content/uploads/2016/12/siltex_resized.jpg"},"id":642,"priority":10},
{"action":{"type":"block"},"condition":{"urlFilter":"||zavedenia.com/bannerapp/"},"id":643,"priority":10},
{"action":{"type":"block"},"condition":{"urlFilter":"||zavedenia.com/banners_box/"},"id":644,"priority":10},
{"action":{"type":"block"},"condition":{"urlFilter":"||zavedenia.com/_images/background"},"id":645,"priority":10},
{"action":{"type":"block"},"condition":{"urlFilter":"||zdrave.net/bannerinside/"},"id":646,"priority":10},
{"action":{"type":"block"},"condition":{"urlFilter":"||zdrave.net/document/banner/"},"id":647,"priority":10},
{"action":{"type":"block"},"condition":{"urlFilter":"||zepir.com/storage/banners/"},"id":648,"priority":10},
{"action":{"type":"block"},"condition":{"urlFilter":"||zopplus.com/wp-content/uploads/*366x280"},"id":649,"priority":10},
{"action":{"type":"block"},"condition":{"urlFilter":"||zovnews.com/wp-content/uploads/2018/08/300-x-300-1.png"},"id":650,"priority":10},
{"action":{"type":"block"},"condition":{"urlFilter":"||zovnews.com/wp-content/uploads/2018/08/300x300-300x263.jpeg"},"id":651,"priority":10},
{"action":{"type":"block"},"condition":{"urlFilter":"||zovnews.com/wp-content/uploads/2018/08/baner_dichstudio-1.jpg"},"id":652,"priority":10},
{"action":{"type":"block"},"condition":{"urlFilter":"||zovnews.com/wp-content/uploads/2018/08/chehplast1.jpg"},"id":653,"priority":10},
{"action":{"type":"block"},"condition":{"urlFilter":"||zovnews.com/wp-content/uploads/2018/08/%d0%b1%d0%b0%d0%bd%d0%b5%d1%80-%d1%81%d1%82%d1%80%d0%be%d0%b8%d1%82%d0%b5%d0%bb-%d0%ba%d1%80%d0%b8%d0%b2%d0%be%d0%b4%d0%be%d0%bb-zovnews.png"},"id":654,"priority":10},
{"action":{"type":"block"},"condition":{"urlFilter":"||zovnews.com/wp-content/uploads/2018/08/dps-logo-300%d1%85300.jpg"},"id":655,"priority":10},
{"action":{"type":"block"},"condition":{"urlFilter":"||zovnews.com/wp-content/uploads/2018/08/img_7647.jpeg"},"id":656,"priority":10},
{"action":{"type":"block"},"condition":{"urlFilter":"||zovnews.com/wp-content/uploads/2018/08/zaistinatafinal.jpg"},"id":657,"priority":10},
{"action":{"type":"block"},"condition":{"urlFilter":"||zovnews.com/wp-content/uploads/2020/10/ponte-dio-e1644660250495.jpg"},"id":658,"priority":10},
{"action":{"type":"block"},"condition":{"urlFilter":"||zovnews.com/wp-content/uploads/2022/03/banner-dprao-2022-1.jpg"},"id":659,"priority":10},
{"action":{"type":"block"},"condition":{"urlFilter":"||zovnews.com/wp-content/uploads/2024/06/digital-marketing-strategy-from-evol.bg_.png"},"id":660,"priority":10},
{"action":{"type":"block"},"condition":{"resourceTypes":["image"],"urlFilter":"||fibank.bg/web/files/richeditor/promotions/images"},"id":662,"priority":10},
{"action":{"type":"block"},"condition":{"resourceTypes":["sub_frame"],"urlFilter":"static.dir.bg/trendo/"},"id":664,"priority":10},
{"action":{"type":"allow"},"condition":{"initiatorDomains":["advert-advance.com"],"urlFilter":"/advert-"},"id":666,"priority":30},
{"action":{"type":"allow"},"condition":{"initiatorDomains":["alein.org"],"urlFilter":"/advert."},"id":667,"priority":30},
{"action":{"type":"allow"},"condition":{"urlFilter":"||bivol.bg/wp-content/uploads/2016/01/"},"id":668,"priority":30},
{"action":{"type":"allow"},"condition":{"urlFilter":"||dama.bg/assets/dev.dama.bg/js/adx.js"},"id":671,"priority":30},
{"action":{"type":"allow"},"condition":{"initiatorDomains":["lifestyle.bg","news.bg","topsport.bg"],"urlFilter":"imasdk.googleapis.com"},"id":672,"priority":30},
{"action":{"type":"allow"},"condition":{"initiatorDomains":["lifestyle.bg","news.bg","topsport.bg"],"urlFilter":"/pagead/conversion."},"id":676,"priority":30},
{"action":{"type":"allow"},"condition":{"urlFilter":"||pozvanete.bg/public/upload/ads/"},"id":677,"priority":30},
{"action":{"type":"allow"},"condition":{"initiatorDomains":["lifestyle.bg","news.bg","topsport.bg"],"urlFilter":"/pubads_"},"id":678,"priority":30},
{"action":{"type":"allow"},"condition":{"urlFilter":"s5emagst.akamaized.net/assets/bg/js/ads-"},"id":679,"priority":30},
{"action":{"type":"allow"},"condition":{"urlFilter":"||zopplus.com/wp-content/themes/zop/js/advertisement.js"},"id":683,"priority":30},
{"action":{"type":"block"},"condition":{"urlFilter":"||dcnews.bg/wp-content/uploads/2024/02/niken.png"},"id":684,"priority":10},
{"action":{"type":"allow"},"condition":{"resourceTypes":["script"],"urlFilter":"||webnews.bg/assets/js/ads.js"},"id":685,"priority":30},
{"action":{"type":"allow"},"condition":{"initiatorDomains":["lifestyle.bg","news.bg","topsport.bg"],"resourceTypes":["script"],"urlFilter":"||webnews.bg/assets/js/min/dfp.js"},"id":686,"priority":30},
{"action":{"type":"allow"},"condition":{"requestDomains":["crackmywifi.blogspot.bg","seirsanduk.com"],"resourceTypes":["main_frame"]},"id":687,"priority":30},
{"action":{"type":"allow"},"condition":{"domainType":"thirdParty","initiatorDomains":["openload.co"],"resourceTypes":["script","xmlhttprequest"],"urlFilter":"|https://"},"id":688,"priority":30},
{"action":{"type":"block"},"condition":{"urlFilter":"||dcnews.bg/wp-content/uploads/2024/02/otriazan.mp4"},"id":689,"priority":10},
{"action":{"type":"block"},"condition":{"urlFilter":"||dcnews.bg/wp-content/uploads/2024/02/pgo-baner.gif"},"id":690,"priority":10},
{"action":{"type":"block"},"condition":{"urlFilter":"||gabrovonews.bg/wp-content/uploads/2022/11/202474571_4061422863941981_8300470903894328589_n-%e2%80%93-%d0%9a%d0%be%d0%bf%d0%b8%d0%b5.jpg"},"id":691,"priority":10},
{"action":{"type":"block"},"condition":{"urlFilter":"||gabrovonews.bg/wp-content/uploads/2024/10/eeeee.jpg"},"id":692,"priority":10},
{"action":{"type":"block"},"condition":{"urlFilter":"||gabrovonews.bg/wp-content/uploads/2024/12/407594141_864522039008427_3949452247729892649_n-%e2%80%93-%d0%9a%d0%be%d0%bf%d0%b8%d0%b5.jpg"},"id":693,"priority":10},
{"action":{"type":"block"},"condition":{"urlFilter":"||gabrovonews.bg/wp-content/uploads/2025/01/%d0%92%d0%b0%d1%80%d0%b8%d0%b0%d0%bd%d1%823-1024x171-1.jpg"},"id":694,"priority":10},
{"action":{"type":"block"},"condition":{"urlFilter":"||gabrovonews.bg/wp-content/uploads/2025/01/%d0%92%d0%b0%d1%80%d0%b8%d0%b0%d0%bd%d1%823-1024x171-2.jpg"},"id":695,"priority":10},
{"action":{"type":"block"},"condition":{"urlFilter":"||gabrovonews.bg/wp-content/uploads/2025/01/titan-za-nas.png"},"id":696,"priority":10},
{"action":{"type":"block"},"condition":{"urlFilter":"||gabrovonews.bg/wp-content/uploads/*/baner*"},"id":697,"priority":10},
{"action":{"type":"block"},"condition":{"urlFilter":"||novini.vratsa.eu/img/banner*"},"id":698,"priority":10},
{"action":{"type":"block"},"condition":{"urlFilter":"||novini.vratsa.eu/img/photosmart.jpg"},"id":699,"priority":10},
{"action":{"type":"block"},"condition":{"urlFilter":"||plovdiv-online.com/wp-content/uploads/2023/03/8_2023-03-14_14-48-54-772.jpg"},"id":700,"priority":10},
{"action":{"type":"block"},"condition":{"urlFilter":"||plovdiv-online.com/wp-content/uploads/2023/11/ostrovi1.png"},"id":701,"priority":10},
{"action":{"type":"block"},"condition":{"urlFilter":"||plovdiv-online.com/wp-content/uploads/2024/03/dkc7.png"},"id":702,"priority":10},
{"action":{"type":"block"},"condition":{"urlFilter":"||plovdiv-online.com/wp-content/uploads/2024/04/aso_baner.jpg"},"id":703,"priority":10},
{"action":{"type":"block"},"condition":{"urlFilter":"||plovdiv-online.com/wp-content/uploads/2024/04/ko_baner.jpg"},"id":704,"priority":10},
{"action":{"type":"block"},"condition":{"urlFilter":"||plovdiv-online.com/wp-content/uploads/2024/04/lit_baner.jpg"},"id":705,"priority":10},
{"action":{"type":"block"},"condition":{"urlFilter":"||plovdiv-online.com/wp-content/uploads/2024/04/orpheus_baner.jpg"},"id":706,"priority":10},
{"action":{"type":"block"},"condition":{"urlFilter":"||plovdiv-online.com/wp-content/uploads/2024/06/myr1.png"},"id":707,"priority":10},
{"action":{"type":"block"},"condition":{"urlFilter":"||plovdiv-online.com/wp-content/uploads/2024/11/viber_izobrazhenie_2024-11-16_08-46-22-476.jpg"},"id":708,"priority":10},
{"action":{"type":"block"},"condition":{"urlFilter":"||vratsa.eu/user_pic/images/banner*"},"id":709,"priority":10},
{"action":{"type":"block"},"condition":{"urlFilter":"||zamunda.net/pic/img4/bitbucket/uploads/1730729431_9833736.jpg"},"id":710,"priority":10}
]
