[
{"action":{"type":"block"},"condition":{"domainType":"thirdParty","initiatorDomains":["123movies.tw","1cloudfile.com","745mingiestblissfully.com","9xupload.asia","adblockeronstape.me","adblockeronstreamtape.me","adblockeronstrtape.xyz","adblockplustape.xyz","adblockstreamtape.art","adblockstreamtape.fr","adblockstreamtape.site","adblocktape.online","adblocktape.store","adblocktape.wiki","advertisertape.com","anonymz.com","antiadtape.com","bowfile.com","clickndownload.click","clicknupload.space","cloudvideo.tv","daddylivehd.sx","dailyuploads.net","databasegdriveplayer.xyz","deltabit.co","dood.la","dood.li","dood.pm","dood.re","dood.sh","dood.so","dood.to","dood.watch","dood.wf","dood.ws","dood.yt","doods.pro","dooood.com","dramacool.sr","drivebuzz.icu","ds2play.com","embedplayer.site","embedsb.com","embedsito.com","embedstream.me","engvideo.net","enjoy4k.xyz","eplayvid.net","evoload.io","filemoon.sx","files.im","flexy.stream","fmovies.ps","gaybeeg.info","gdriveplayer.pro","gettapeads.com","givemenbastreams.com","gogoanimes.org","gomo.to","hexload.com","imgtraffic.com","kesini.in","kickasstorrents.to","linkhub.icu","lookmyimg.com","mangareader.to","membed.net","mirrorace.org","mixdrop.ag","mixdrop.click","mixdrop.club","mixdrop.nu","mixdrp.co","movies2watch.tv","mp4upload.com","nelion.me","noblocktape.com","nsw2u.org","olympicstreams.co","ovagames.com","pcgamestorrents.com","putlocker-website.com","reputationsheriffkennethsand.com","rintor.space","rojadirecta1.site","scloud.online","shavetape.cash","skidrowcodex.net","smallencode.me","stapadblockuser.art","stapadblockuser.click","stapadblockuser.info","stapadblockuser.xyz","stape.fun","stapewithadblock.beauty","stapewithadblock.monster","stapewithadblock.xyz","strcloud.in","streamadblocker.cc","streamadblocker.com","streamadblocker.store","streamadblocker.xyz","streamingsite.net","streamlare.com","streamnoads.com","streamta.pe","streamta.site","streamtape.cc","streamtape.com","streamtape.to","streamtape.xyz","streamtapeadblock.art","streamtapeadblockuser.art","streamtapeadblockuser.homes","streamtapeadblockuser.monster","streamtapeadblockuser.xyz","strikeout.ws","strtape.cloud","strtape.tech","strtapeadblock.club","strtapeadblocker.xyz","strtapewithadblock.art","strtapewithadblock.xyz","supervideo.cc","supervideo.tv","tapeadsenjoyer.com","tapeadvertisement.com","tapeantiads.com","tapeblocker.com","tapenoads.com","tapepops.com","tapewithadblock.com","tapewithadblock.org","thepiratebay0.org","thepiratebay10.xyz","theproxy.ws","thevideome.com","toxitabellaeatrebates306.com","un-block-voe.net","upbam.org","upload.do","uproxy.to","upstream.to","userscloud.com","v-o-e-unblock.com","vido.lol","vidsrc.me","vidsrc.stream","vipleague.im","vipleague.pm","voe-unblock.net","voe.sx","vudeo.io","vudeo.net","yesmovies.mn","youtube4kdownloader.com"],"regexFilter":"^https?:\\/\\/[0-9a-z]{5,}\\.com\\/.*","resourceTypes":["script","xmlhttprequest"]},"id":1,"priority":10},
{"action":{"type":"block"},"condition":{"initiatorDomains":["3movs.com","4kporn.xxx","4tube.com","alotporn.com","alphaporno.com","alrincon.com","amateur8.com","anyporn.com","badjojo.com","bdsmstreak.com","bestfreetube.xxx","bigtitslust.com","bravotube.net","cockmeter.com","crazyporn.xxx","daftporn.com","ebony8.com","erome.com","exoav.com","fantasti.cc","fapality.com","fapnado.com","fetishshrine.com","freeporn8.com","gfsvideos.com","gotporn.com","hdporn24.org","hdpornmax.com","hdtube.porn","hellporno.com","hentai2w.com","hottorrent.org","hqsextube.xxx","hqtube.xxx","iceporn.com","imgderviches.work","imx.to","its.porn","katestube.com","lesbian8.com","love4porn.com","lustypuppy.com","manga18fx.com","manhwa18.cc","maturetubehere.com","megatube.xxx","milffox.com","momxxxfun.com","openloadporn.co","orsm.net","pervclips.com","porn-plus.com","porndr.com","pornicom.com","pornid.xxx","pornotrack.net","pornrabbit.com","pornwatchers.com","pornwhite.com","pussy.org","redhdtube.xxx","rule34.art","rule34pornvids.com","runporn.com","sexvid.porn","sexvid.pro","sexvid.xxx","sexytorrents.info","shameless.com","sleazyneasy.com","sortporn.com","stepmom.one","stileproject.com","str8ongay.com","tnaflix.com","urgayporn.com","vikiporn.com","wankoz.com","xbabe.com","xcafe.com","xhqxmovies.com","xxx-torrent.net","xxxdessert.com","xxxextreme.org","xxxonxxx.com","yourlust.com","youx.xxx","zbporn.com","zbporn.tv"],"regexFilter":"^https?:\\/\\/.*\\/[a-z0-9A-Z_]{2,15}\\.(php|jx|jsx|1ph|jsf|jz|jsm|j$)","resourceTypes":["script","sub_frame"]},"id":2,"priority":10},
{"action":{"type":"block"},"condition":{"domainType":"thirdParty","excludedResourceTypes":["image","main_frame","media","sub_frame"],"initiatorDomains":["1cloudfile.com","adblockstreamtape.art","adblockstreamtape.site","bowfile.com","clipconverter.cc","desiupload.co","dood.la","dood.pm","dood.so","dood.to","dood.watch","dood.ws","dopebox.to","downloadpirate.com","drivebuzz.icu","embedstream.me","eplayvid.net","fmovies.ps","gospeljingle.com","kissanimes.net","movies2watch.tv","myflixer.today","myflixertv.to","powvideo.net","scloud.online","skidrowcodex.net","streamtape.com","theproxy.ws","vidembed.cc","vidembed.io","vidlii.com","vidoo.org","vipbox.lc"],"regexFilter":"^https?:\\/\\/.*\\.(club|bid|biz|xyz|site|pro|info|online|icu|monster|buzz|website|biz|re|casa|top|one|space|network|live|systems|ml|world|life|co)\\/.*"},"id":3,"priority":10},
{"action":{"type":"block"},"condition":{"domainType":"thirdParty","initiatorDomains":["1link.club","apiyoutube.cc","bestmp3converter.com","daddyhd.com","dood.wf","lulustream.com","mp4upload.com","poscitech.com","sportcast.life","streamhub.to","streamvid.net","tokybook.com","tvshows88.live","uqload.io"],"regexFilter":"^https?:\\/\\/[0-9a-z]{8,}\\.xyz\\/.*","resourceTypes":["xmlhttprequest"]},"id":4,"priority":10},
{"action":{"type":"block"},"condition":{"initiatorDomains":["1vag.com","4tube.com","adult-channels.com","analdin.com","biguz.net","bogrodius.com","chikiporn.com","fantasti.cc","fuqer.com","fux.com","hclips.com","heavy-r.com","hog.tv","megapornx.com","milfzr.com","mypornhere.com","porn555.com","pornchimp.com","pornerbros.com","pornj.com","pornl.com","pornototale.com","porntube.com","sexu.com","sss.xxx","thisav.com","titkino.net","tubepornclassic.com","tuberel.com","tubev.sex","txxx.com","vidmo.org","vpornvideos.com","xozilla.com","youporn.lc","youpornhub.it","yourdailypornstars.com"],"regexFilter":"^https?:\\/\\/.*\\/.*sw[0-9._].*","resourceTypes":["script","xmlhttprequest"]},"id":5,"priority":10},
{"action":{"type":"block"},"condition":{"excludedResourceTypes":["main_frame","media"],"initiatorDomains":["1vag.com","4tube.com","asianpornmovies.com","getsex.xxx","glam0ur.com","hclips.com","hdzog.com","homemadevids.org","hotmovs.com","justthegays.com","milfzr.com","porn555.com","pornforrelax.com","pornj.com","pornl.com","puporn.com","see.xxx","shemalez.com","sss.xxx","streanplay.cc","thegay.com","thegay.porn","tits-guru.com","tubepornclassic.com","tuberel.com","txxx.com","txxx.tube","upornia.com","vjav.com","voyeurhit.com","xozilla.com"],"regexFilter":"^https?:\\/\\/.*\\.(club|news|live|online|store|tech|guru|cloud|bid|xyz|site|pro|info|online|icu|monster|buzz|fun|website|photos|re|casa|top|today|space|network|live|work|systems|ml|world|life)\\/.*"},"id":6,"priority":10},
{"action":{"type":"block"},"condition":{"initiatorDomains":["gsmarena.com"],"regexFilter":"\\.gsmarena\\.com\\/[0-9]+\\.[a-z]+\\?s?Search=","resourceTypes":["xmlhttprequest"]},"id":7,"priority":10},
{"action":{"type":"block"},"condition":{"domainType":"thirdParty","excludedInitiatorDomains":["amazon.com"],"regexFilter":"^https?:\\/\\/s3\\.*\\.amazonaws\\.com\\/[a-f0-9]{45,}\\/[a-f,0-9]{8,10}$","resourceTypes":["script","xmlhttprequest"]},"id":10,"priority":10},
{"action":{"type":"block"},"condition":{"domainType":"thirdParty","initiatorDomains":["dood.la","dood.pm","dood.sh","dood.so","dood.to","dood.watch","dood.ws"],"regexFilter":"^https?:\\/\\/www\\.[0-9a-z]{8,}\\.com\\/[0-9a-z]{1,4}\\.js$","resourceTypes":["script"]},"id":11,"priority":10},
{"action":{"type":"block"},"condition":{"regexFilter":"(https?:\\/\\/)104\\.154\\..{100,}"},"id":25,"priority":10},
{"action":{"type":"block"},"condition":{"regexFilter":"(https?:\\/\\/)104\\.197\\..{100,}"},"id":26,"priority":10},
{"action":{"type":"block"},"condition":{"regexFilter":"(https?:\\/\\/)104\\.198\\..{100,}"},"id":27,"priority":10},
{"action":{"type":"block"},"condition":{"regexFilter":"(https?:\\/\\/)130\\.211\\..{100,}"},"id":28,"priority":10},
{"action":{"type":"block"},"condition":{"regexFilter":"(https?:\\/\\/)142\\.91\\.159\\..{100,}"},"id":29,"priority":10},
{"action":{"type":"block"},"condition":{"regexFilter":"(https?:\\/\\/)213\\.32\\.115\\..{100,}"},"id":30,"priority":10},
{"action":{"type":"block"},"condition":{"regexFilter":"(https?:\\/\\/)216\\.21\\..{100,}"},"id":31,"priority":10},
{"action":{"type":"block"},"condition":{"regexFilter":"(https?:\\/\\/)217\\.182\\.11\\..{100,}"},"id":32,"priority":10},
{"action":{"type":"block"},"condition":{"regexFilter":"(https?:\\/\\/)51\\.195\\.31\\..{100,}"},"id":33,"priority":10},
{"action":{"type":"block"},"condition":{"domainType":"thirdParty","regexFilter":"(https?:\\/\\/)\\w{30,}\\.me\\/\\w{30,}\\.","resourceTypes":["script"]},"id":36,"priority":10},
{"action":{"type":"block"},"condition":{"domainType":"thirdParty","regexFilter":"\\/[0-9a-f]{32}\\/invoke\\.js","resourceTypes":["script"]},"id":38,"priority":10}
]
