{"selectors":["#chat-wrapper","#chatbotToronto","#floating-experience-feature-tour-popover","#view-__module-context__-_amzn_conversational-experience-module__tandalone-0",".chat-button",".chat-container",".chatWindow",".chatbotSection",".chatbotSlider",".chatbotentrybtn",".healthshotsChannels",".rufus-panel-container",".secBannerWidget",".woot-widget-bubble","ai-chatbot"],"selectorLists":["0","1","2,3","4,5","10,12,6,7,8,9","11","13","14"],"selectorListRefs":[1,5,3,7,4,0,6,2],"hostnames":["hp.com","amazon.com","casbin.org","healthhub.sg","healthshots.com","ishopchangi.com","therealdeal.com","docs.aws.amazon.com"],"hasEntities":false,"fromRegexes":[]}