{"selectors":["#ai-list-entry","#answers-suggested-queries-m3","#b-scopeListItem-conv > [href^=\"https://www.bing.com/ck/a\"]","#chat-assistant-textarea","#chat_upsell_bubble_icon","#chtl-open-chat-icon","#con-ar > [tpl=\"ai_accompanies\"]","#content_left > .c-group-wrapper:has([tpl=\"ai_ask\"])","#csaitab","#docs-sidekick-gen-ai-promo-button-container","#dpx-rex-nice-widget-container","#gnav__mt-alert-wrapper","#google-hats-survey","#inkeep-shadowradix-\\:r2\\:","#key-take-aways","#llm-snippet","#magic-apron-loader","#nile-inline_feature_div","#product-section-magic-apron-qa-bot","#s_tab_inner > a[href*=\"chat.baidu.com\"]","#scale-agent-overlay-container",".ASum_wr",".FloatingAiChat_floatingAiChatContainer__YJK16","._pendo-guide-walkthrough_",".ai-bar-button",".ai-features",".ai-header-button",".ask-ia-widget",".assistant-pwa-bar",".b_insights",".bg-background-ai-tertiary",".category-link-CHATBOT",".cdxCopilotIconBg",".chat-assistant-floating-input",".copans_container",".copilotPreview__container",".explore-more-widget",".header-topic-britannica-ai-module",".i-sensa",".kapa-ai-class",".nav-rufus-disco",".oli-chat-bubble-popup",".oli_popup_button",".omnibox-search-form__ai-search",".rounded.size-\\[40px\\]",".rufus-panel-container",".search_sgs-ai-button__sUsjD",".subutton-tooltip-wrapper[aria-label=\"Answer with AI\"]",".toc-sticky-header-ai-container","[data-react-module-id=\"duckDuckGoHelp\"]","[data-test-id=\"search-form-ai-suggestion\"]","[role=\"listitem\"]:has(a[href*=\"aep=1&ntc=1\"])","a[href=\"/chat?FORM=hpcodx\"]","a[href^=\"/ask?q=\"]","button.quick-answer-trigger-link","button.suggestion.llm","button:has(path[d^=\"M17.5 12c0-3.04 2.46-5.5\"])","codex-bing-chat[instance-id=\"CodexBingChat\"]","div#CopilotCommandCenterButton","div.ai-digest","div.subutton-wrapper:has(button#submit-llm-button)","li:first-child:has([data-testid=\"duckassist-answer-content\"])","li[data-attrid$=\"Prediction\"]:has([aria-description=\"AI Mode\"])","yt-video-description-youchat-section-view-model"],"selectorLists":["0,39","1","2,29,32,34,4,52","3,33","5","19,6,7,8","9","10,17,40,45","11","12","13","14","15,47,53,55,59,60","16,18","20","21","22","23","24,26,28","25,38","27,36","30","31,37,48","35","39,46","41,42","43,50","44","49,61","51,56,62","54","57","58","63"],"selectorListRefs":[27,19,31,2,21,30,15,14,11,5,7,26,23,1,19,19,25,19,3,19,10,19,19,19,11,13,19,19,19,22,24,28,19,19,19,29,6,19,9,19,33,11,19,19,12,19,19,19,16,17,0,32,19,8,19,20,11,18,19,4],"hostnames":["op.gg","cbr.com","msn.com","bing.com","digg.com","kagi.com","ndtv.com","time.com","avweb.com","baidu.com","amazon.com","ecosia.org","github.com","reddit.com","carbuzz.com","hotcars.com","olivela.com","collider.com","docs.kits.ai","gamerant.com","langfuse.com","movieweb.com","thegamer.com","topspeed.com","flyingmag.com","homedepot.com","makeuseof.com","thethings.com","thetravel.com","britannica.com","docs.sentry.io","duckduckgo.com","fextralife.com","screenrant.com","therichest.com","www.google.com","docs.google.com","givemesport.com","mail.google.com","pocket-lint.com","www.youtube.com","airlinegeeks.com","backyardboss.net","dualshockers.com","search.brave.com","simpleflying.com","thesportster.com","androidpolice.com","coinmarketcap.com","sciencedirect.com","develop.sentry.dev","outlook.office.com","xda-developers.com","consumerreports.org","footballfancast.com","nutraingredients.com","planeandpilotmag.com","dictionary.cambridge.org","footballleagueworld.co.uk","geneticliteracyproject.org"],"hasEntities":false,"fromRegexes":[]}