{"selectors":["#atop","#banner","#banners","#cboxOverlay","#ctl00_ctl00_cphMain_cphMain_RandomBanner4_divBanner","#mvp-leader-wrap","#snppopup-welcome","#spoton",".AuglysingaHnappur",".HeimildinAd_ad310400__iUf_1",".HorizontalAd_container__6Aymu",".PulsAd310x400_iframe__9pkTN",".TopAd_all___Rrm_",".ad",".ad-banner",".ad-front-310x400",".ad-front-635x150",".adbannermain",".adbox",".au-block",".adw",".augl",".augl-wrapper",".bannergroup",".bp26",".bp4",".bsaProItems",".elementor-716869",".elementor-716826",".elementor-716890",".elementor-716842",".elementor-716846",".elementor-716862",".g",".iframead-spot-a",".laufid-border.cover-photo",".mt-5.mb-5",".netgiroInsuranceSection",".real-estate-block",".real-estate-container",".randombanner-upperright",".side-augl-wrapper",".strevda",".td-a-rec",".tdi_103_674",".tdi_5_7f3",".tdi_5_cc0",".ticker-ad",".widget_custom_html",".widget_media_image","[class*=\"FrontPageIS_\"]","[href^=\"/is/moya/adverts/\"]","[href^=\"https://airpark.is\"]","[href^=\"https://old.1819.is/linkto/\"]","[id^=\"box_aitem\"]","aside","div[class^=\"col-\"]:has([class*=\"advertisement-spot-\"])","div[id*=\"advImg\"]","div[id^=\"banner\"]","div[style^=\"margin:0px auto;height:310px;\"]"],"selectorLists":["0,42","1,42,51,54,55","2","3","24,25,4,40,7","48,5,52","6","8","11,12,50,9","10,22,35,41,53","13","14,26","15,16","17","18","19,38,39","20","21,36,47","23","27,28,29,30,31,32","33","33,49","34,56","37,57","42","43","44,45,46","48","49","58","59"],"selectorListRefs":[20,3,16,15,10,6,7,17,9,23,8,14,20,25,30,2,11,4,27,26,1,22,29,10,24,12,20,0,18,19,13,21,5,28],"hostnames":["bb.is","dv.is","ja.is","vb.is","vf.is","hun.is","kki.is","mbl.is","1819.is","bland.is","blika.is","doktor.is","eyjar.net","karfan.is","smugan.is","vaktin.is","eidfaxi.is","pressan.is","discover.is","nutiminn.is","akureyri.net","bilasolur.is","fotbolti.net","heimildin.is","hringbraut.is","skessuhorn.is","utvarpsaga.is","vikubladid.is","austurfrett.is","eyjafrettir.is","auroraforecast.is","veitingastadir.is","veitingageirinn.is","icelandwithaview.com"],"hasEntities":false,"fromRegexes":[]}