[
{
 "action": {
  "redirect": {
   "regexSubstitution": "/strictblock.html#\\0"
  },
  "type": "redirect"
 },
 "condition": {
  "regexFilter": "^https?://.*",
  "requestDomains": [
   "allegro-cdn.concerto.ai",
   "assistant.almaintelligence.com",
   "call.chatra.io",
   "chat-widget.hiverhq.com",
   "chat.24liveblog.com",
   "chatbot.pef.czu.cz",
   "chatwidget-prod.web.app",
   "cloud.aikosmo.com",
   "lptag-cdn.liveperson.net",
   "lptag.liveperson.net",
   "pageview.activengage.com",
   "selfservice.robinhq.com",
   "webchat.bebot.io",
   "webchat.omni.cafe",
   "widget.chatbot.laiye.com",
   "widget.helpcrunch.com",
   "widget.intercom.io",
   "widget.kommunicate.io",
   "widget.trengo.eu",
   "widgets.leadconnectorhq.com"
  ],
  "resourceTypes": [
   "main_frame"
  ]
 },
 "id": 1,
 "priority": 29
}
]
