[
{
 "action": {
  "redirect": {
   "regexSubstitution": "/strictblock.html#\\0"
  },
  "type": "redirect"
 },
 "condition": {
  "regexFilter": "^https?://.*",
  "requestDomains": [
   "a.adnium.com",
   "ad.depo.hu",
   "ad.gyermekevek.hu",
   "ad.hirekmedia.hu",
   "ad.kapos.hu",
   "ad.love.hu",
   "ad.napilapcsoport.hu",
   "ad.onadozo.hu",
   "ad.parom.hu",
   "ad.pphungary.hu",
   "ad.szexneked.hu",
   "adat.agrokep.vg.hu",
   "adat.borsonline.hu",
   "adat.figyelo.hu",
   "adat.freemail.hu",
   "adat.hirtv.hu",
   "adat.ingatlanbazar.hu",
   "adat.kisalfold.hu",
   "adat.koponyeg.hu",
   "adat.life.hu",
   "adat.magyarnemzet.hu",
   "adat.mandiner.hu",
   "adat.metropol.hu",
   "adat.mindmegette.hu",
   "adat.nemzetisport.hu",
   "adat.origo.hu",
   "adat.ripost.hu",
   "adat.she.life.hu",
   "adat.vg.hu",
   "adat.videa.hu",
   "adfair.hu",
   "adform.net",
   "adfree-stat.p3g.hu",
   "admanager.magyarhirlap.hu",
   "ads.geeks.hu",
   "adserver.raceonline.hu",
   "adtrackeraa.com",
   "adv.forpsi.hu",
   "adv.hu",
   "adverbs.napilapcsoport.hu",
   "aliexpress.hu",
   "aliexpressz.hu",
   "app.livechatoo.com",
   "audit.median.hu",
   "avatraffic.com",
   "azsiacenter.hu",
   "azsiacentrum.hu",
   "banner.webtar.hu",
   "bannerzone.agroinform.hu",
   "beam-tracker.telex.hu",
   "beam.telex.hu",
   "brostraffic.com",
   "campaign-remp.444.hu",
   "cdn-dynamic.optimonk.com",
   "chatrobot.mia.gov.hu",
   "chimpstatic.com",
   "counter.megagroup.ru",
   "daserver.ultraweb.hu",
   "doubleclick.net",
   "et.twyn.com",
   "fourtwentytradingcompany.net",
   "fruitflan.com",
   "gemius.hu",
   "gemius.pl",
   "indexstat.index.hu",
   "iofferphoto.com",
   "kinaiwebaruhaz.hu",
   "loader.nyitvatartas24.hu",
   "loading-delivery2.com",
   "magyarszo.com",
   "maplin.hu",
   "media.netpositive.hu",
   "mediaownerscloud.com",
   "mikroelektronik.hu",
   "netadclick.com",
   "netexs.com",
   "petpoolalarm.com",
   "pixel.blog.hu",
   "pixel.sojern.com",
   "px.blog.hu",
   "rc.rc.hu",
   "rc.rootclick.com",
   "redwolfmoon.com",
   "related.hu",
   "sexmeup.hu",
   "smartcj.com",
   "stat.adultium.com",
   "static.hvgrt.hu",
   "stats.badoostats.com",
   "syndication.trafficreps.com",
   "tracker-remp.magyarnarancs.hu",
   "tracker.24xtra.hu",
   "tracker.azet.sk",
   "trackerapi.ebxcdn.com",
   "tracking.binarypromos.com",
   "tracking.tchibo.hu",
   "up-banner.wavecdn.de",
   "vid4u.org",
   "widget.block4d.com",
   "wstat.ozon.ru",
   "xn--microelectrnica-5rb.es"
  ],
  "resourceTypes": [
   "main_frame"
  ]
 },
 "id": 1,
 "priority": 29
}
]
