[
{
 "action": {
  "redirect": {
   "regexSubstitution": "/strictblock.html#\\0"
  },
  "type": "redirect"
 },
 "condition": {
  "regexFilter": "^https?://.*",
  "requestDomains": [
   "159.100.22.89",
   "24d.ir",
   "a.reymit.ir",
   "ad.technews-iran.com",
   "adengine.telewebion.com",
   "adexo.ir",
   "adexofiles.ir",
   "adivery.com",
   "adnegah.net",
   "adpulse.ir",
   "adro.co",
   "adro.ir",
   "adrooz.com",
   "ads.asset.aparat.com",
   "ads.karzar.net",
   "ads.safarme.ir",
   "adsc.beytoote.com",
   "adsima.net",
   "adskav.com",
   "adtodate.ir",
   "adtrace.io",
   "adtrace.ir",
   "adtrace.world",
   "adverge.ir",
   "advn.ir",
   "adwised.com",
   "adwisedfs.com",
   "affili.ir",
   "affiliate.malltina.com",
   "affilio.ir",
   "aitrades.com",
   "alast.group",
   "amarfa.ir",
   "amaroid.net",
   "analyt.ir",
   "analytic.magland.ir",
   "analytics.asiatech.ir",
   "analytics.eirib.ir",
   "analytics.football360.ir",
   "analytics.hostiran.net",
   "analytics.irancell.ir",
   "analytics.jeldnews.com",
   "analytics.nastooh.ir",
   "analytics.plaza.ir",
   "analytics.telewebion.com",
   "analytics.zoomit.ir",
   "analyticsdaily.ir",
   "androidupdate.download",
   "anetwork.ir",
   "api.karpishe.com",
   "apm.bama.ir",
   "apptracking.irancell.ir",
   "arongroups.co",
   "artanlife.club",
   "arvanvads.ir",
   "aryacoin.io",
   "aryana.io",
   "aryastake.io",
   "axotrade.com",
   "ayyaar.ir",
   "backlink.ir",
   "backority.ir",
   "bahatoken.site",
   "behinava.com",
   "behtarinseo.ir",
   "bemchain.io",
   "binoads.ir",
   "bitad.ir",
   "bixb.exchange",
   "bixbcoin.com",
   "bl9.ir",
   "bnbmatrix.io",
   "boorantech.com",
   "bridge.link",
   "cashback.takhfifan.com",
   "cayot.ir",
   "ccnnetwork.co",
   "chabok.io",
   "chancx.io",
   "chavosh.org",
   "click.digiato.com",
   "clickaval.com",
   "clickyab.com",
   "coinwallet.biz",
   "congoro.com",
   "congoro.ir",
   "counter.mahanmusic.net",
   "counter.toolsir.com",
   "cryptoland.com",
   "daartads.com",
   "dagcoin.org",
   "daneshin.ir",
   "davedbux.ir",
   "deema.agency",
   "deemaagency.ir",
   "deemanetwork.com",
   "defigroups.com",
   "denutility.com",
   "dezhino.com",
   "dsp.aparat.com",
   "emway.ir",
   "error-tracking.arvancloud.com",
   "errortracking.snapp.site",
   "ewpb.site",
   "excoino.com",
   "facepop.org",
   "falixa.com",
   "farakav.com",
   "farsbux.ir",
   "fastclick.ir",
   "frzss.com",
   "geoip.imber.live",
   "gpm.ltd",
   "guhtoken.org",
   "hadeseh.simra.cloud",
   "hadeseh.telewebion.com",
   "hantana.org",
   "hoho.mobi",
   "hutvtpbhvmae.com",
   "intrack.ir",
   "ipsite.ir",
   "ir.mihanstore.net",
   "irancloudmining.com",
   "irancoinmine.com",
   "izonekala.com",
   "jetbux.ir",
   "jtoaxlbas.com",
   "kajads.com",
   "kaprila.com",
   "kingmoney.io",
   "kntr.ir",
   "landyab.com",
   "laqira.io",
   "laxsson.com",
   "leumia.io",
   "linkfars.com",
   "lnremmfpc.com",
   "logapi.karbord.io",
   "magnetadservices.com",
   "mat-pnu.ir",
   "mediaad.org",
   "mediawach.com",
   "merita.ir",
   "metrix.behtarino.com",
   "metrix.ir",
   "minepi.com",
   "mitrarank.ir",
   "mogo-crypto.net",
   "mtabdil.com",
   "mttcoin.com",
   "my-pu.sh",
   "najva.com",
   "netbina.com",
   "new-sentry.digikala.com",
   "newswidget.net",
   "nokontoken.com",
   "notifhub.com",
   "offers.sapra.ir",
   "on-click.ir",
   "onclick.ir",
   "orbitnetwork.net",
   "oscaranimation.in",
   "ovrjkuavda.com",
   "p30rank.ir",
   "pantatec.ae",
   "partclick.ir",
   "pegah.tech",
   "pelikan-network.ir",
   "perlika.com",
   "persia.exchange",
   "persianrank.ir",
   "phoenixad.io",
   "phonroid.com",
   "pooye-ads.com",
   "popgozar.com",
   "popina.ir",
   "popland.info",
   "popupdl.ir",
   "popupme.net",
   "popupplus.ir",
   "promizer.com",
   "propertiq.io",
   "publica.ir",
   "pushe.co",
   "pushq.ir",
   "puuush.me",
   "quahl.com",
   "radar.bayan.ir",
   "rankirani.ir",
   "rssbank.ir",
   "sabaidea.cloud",
   "sabavision.com",
   "sanjagh.com",
   "sanjagh.net",
   "scripts-ads.s3.ir-thr-at1.arvanstorage.com",
   "sendword.ir",
   "sentry.alaatv.com",
   "sentry.alibaba.ir",
   "sentry.cafebazaar.org",
   "sentry.divar.cloud",
   "sentry.hamravesh.com",
   "sentry.malltina.com",
   "sentry.mci.dev",
   "sentry.namava.ir",
   "sentry.querastaff.ir",
   "sentry.theforge.ir",
   "sentry.yektanet.tech",
   "shamining.com",
   "smartgalaxy.finance",
   "soodland.com",
   "sorenad.com",
   "spellads.com",
   "spellpop.ir",
   "statistics.iriborg.ir",
   "statsfa.com",
   "synchrobit.io",
   "system-notify.app",
   "tabligheirani.ir",
   "talapop.ir",
   "tapsell.ir",
   "tastenfts.com",
   "tavoos.net",
   "tbli.ir",
   "te1.ir",
   "tinancefa.org",
   "toppopup.com",
   "track.mailerlite.com",
   "tracker.digikala.com",
   "tradergpt.ai",
   "treenvest.com",
   "triboon.net",
   "unique.finance",
   "unitedsolarinfinity.com",
   "userfriendly.ir",
   "usermap.net",
   "utbyte.io",
   "utop.ir",
   "utopclick.com",
   "vatanclick.ir",
   "vidomusic.org",
   "waykingroup.com",
   "web.webpushs.com",
   "wideads.com",
   "wintap.io",
   "xjs.lol",
   "xmlx.lol",
   "yekbux.com",
   "yektabanner.com",
   "yektanet.com",
   "yelloadwise.ir",
   "ylad.ir",
   "yoozbit.com",
   "zarad.net",
   "zarpop.com",
   "zarpop.ir"
  ],
  "resourceTypes": [
   "main_frame"
  ]
 },
 "id": 1,
 "priority": 29
},
{
 "action": {
  "redirect": {
   "regexSubstitution": "/strictblock.html#\\0"
  },
  "type": "redirect"
 },
 "condition": {
  "regexFilter": "^[a-z-]+://(?:[^/?#]+\\.)?c\\.filimium\\.com/meta/affiliate.*",
  "resourceTypes": [
   "main_frame"
  ]
 },
 "id": 2,
 "priority": 29
},
{
 "action": {
  "redirect": {
   "regexSubstitution": "/strictblock.html#\\0"
  },
  "type": "redirect"
 },
 "condition": {
  "regexFilter": "^[a-z-]+://(?:[^/?#]+\\.)?github\\.com/rcycc/-.*",
  "resourceTypes": [
   "main_frame"
  ]
 },
 "id": 3,
 "priority": 29
}
]
