[
{"action":{"redirect":{"regexSubstitution":"/strictblock.html#\\0"},"type":"redirect"},"condition":{"regexFilter":"^https?://.*","requestDomains":["ad-count.jp","ad-drop.jp","ad-hatena.com","ad-optima.com","ad-seek.jp","ad.abema.io","ad.api.yyapi.net","ad.atown.jp","ad.datadeliver.net","ad.ddo.jp","ad.eloan.co.jp","ad.firestorage.jp","ad.gunosy.com","ad.jp.ap.valuecommerce.com","ad.land.to","ad.mdmd.info","ad.moo-mam-tai.com","ad.net-tool.jp","ad.orange-park.jp","ad.owlair.net","ad.rarure.com","ad.unique1static.jp","ad.woman.mynavi.jp","ad.xrea.com","ad.zetacx.net","ad1.girls-affiliate.com","adandhub.com","adcdn.goo.ne.jp","addeluxe.jp","addlv.smt.docomo.ne.jp","ademon.net","adf.shinobi.jp","adingo.jp.eimg.jp","adleap.jp","adlookmanager.com","adm.shinobi.jp","adp.homes.co.jp","adpicker.net","adreq.eagle-insight.com","ads-connect.com","ads.mediams.mb.softbank.jp","ads.metropolis.co.jp","ads.museum.or.jp","ads.nicovideo.jp","ads.pipaffiliates.com","ads.world-fusigi.net","adsby.2bet.co.jp","adserv2.suumo.jp","adtechjp.com","advert.punyu.com","advortex.cloud","affiliate-script-pr.firebaseapp.com","agilemedia.jp","aimg.fc2.com","ala.durasite.net","amawidget.yutbr.com","amazonlogistics.jp","andhub.jp","api.ad-platform.jmty.jp","api.ada-cloud.com","api.primecaster.net","araklet.mediagene.co.jp","asia-northeast1-affiliate-pr.cloudfunctions.net","askfollow.us","asp.m-live.jp","assessoriagmv.com","assistads.net","asumi.shinobi.jp","av-mov.com","ax.xrea.com","bance.jp","boost-next.co.jp","bra.almado.jp","candy-network.com","caprofitx.com","carrier202205.tokyo","cdj-dap.s3-ap-northeast-1.amazonaws.com","cdn.alistcloud.com","cdn.lodeo.io","click-count.info","cnt.affiliate.fc2.com","creative-klepon-3f0ecb.netlify.app","creative.live.tktube.com","d1yt8zt4633tzi.cloudfront.net","d2swpuhpwp3khd.cloudfront.net","d830x8j3o1b2k.cloudfront.net","divscripty.net","dlp4luwpus5kr.cloudfront.net","doubleclick.ne.jp","dynamic.rakuten.co.jp","effulgent-stroopwafel-efb9ce.netlify.app","eisys-bcs.jp","enmusubimail000.com","erogazopple.com","expdirclk.com","freeadd.me","gamegadget.jp","genieedmp.com","genieesspv.jp","geotg.jp","getallmedia.com","girls-escort.tokyo","gmossp-sp.jp","googleailesi.com","gs-ad.jp","gsspcln.jp","gusion.space","hyadain.com","hydrangeao.com","ibento-yahoo.com","indexad.net","indiegogo.jp","infohimatalk77.net","japans-offers.com","js.click-plus.net","js.kabutocho-dsp.net","js.medi-8.net","js.mediams.mb.softbank.jp","js.miyuki-web.net","js.mulan.cloud","kok.eroterest.net","koukoku.red","ladsp.jp","lamp-shade.net","lifeedly.com","line-e.com","line-jp.live","link-medias.com","linoee.com","live-lb.cc","live-lr.cc","live-qj.cc","liveads.jp","lucky-website.com","maio.jp","managedweb.net","mbada.nan.co.jp","mbadv.nan.co.jp","media-rep.com","media.ad-lps.net","media5.fc2.com","mediad.co.jp","mhub.work","mid-round.com","moba8.net","monetize-ssp.com","more-followers.com","moro-douga.link","myiads.com","nkis.nikkei.com","okbp.xyz","ov.yahoo.co.jp","paradise1972.com","partner.become.co.jp","ploud-crew.net","prime-ever.com","primead.jp","r-ad.linkshare.jp","ranmaotome.com","recruitbox.media.iid.jp","redirectvoluum.com","s-ad.rmp.rakuten.co.jp","sb-hip-happy.ourservice.jp","sda.seesaa.jp","seedapp-creative.s3.amazonaws.com","slashdot.jp","smac-ad.com","smart-below.com","socdm.com","sokmil-ad.com","ssdsp.smt.docomo.ne.jp","thepsusiwho.com","tracer.jp","track2.cross-system.com","trading-ad.net","trigs-sockets.com","twitob.com","twitterfollowers.site","unddeliv.com","v2st.shinobi.jp","valueclick.jp","waqool.com","welte.jp","widget-api.dmm.co.jp","widget-api.dmm.com","widget-view.dmm.co.jp","widget-view.dmm.com","yads.c.yimg.jp","yads.yahoo.co.jp","yads.yjtag.yahoo.co.jp","zxcvbnmasdfghjklqwertyuiop.work","zzlles.com"],"resourceTypes":["main_frame"]},"id":1,"priority":29},
{"action":{"redirect":{"regexSubstitution":"/strictblock.html#\\0"},"type":"redirect"},"condition":{"regexFilter":"^.*/index\\.php\\?main_page=product_info.*?&cpath=.*","requestDomains":["asia","baby","bar","beauty","best","biz","blog","bond","buzz","cam","casa","cfd","click","cloud","club","cyou","fashion","fit","forum","fun","gay","homes","icu","info","ink","lat","life","live","love","ltd","makeup","me","mom","monster","my","one","online","pics","pro","qpon","quest","rent","rest","ru.com","run","sa.com","sale","sbs","shop","site","skin","space","store","team","tokyo","top","website","wiki","work","xyz","yachts","yoga","za.com"],"resourceTypes":["main_frame"]},"id":2,"priority":29},
{"action":{"redirect":{"regexSubstitution":"/strictblock.html#\\0"},"type":"redirect"},"condition":{"regexFilter":"^.*/index\\.php\\?main_page=product_info&products_id=.*","requestDomains":["asia","baby","bar","beauty","best","biz","blog","bond","buzz","cam","casa","cfd","click","cloud","club","cyou","fashion","fit","forum","fun","gay","homes","icu","info","ink","lat","life","live","love","ltd","makeup","me","mom","monster","my","one","online","pics","pro","qpon","quest","rent","rest","ru.com","run","sa.com","sale","sbs","shop","site","skin","space","store","team","tokyo","top","website","wiki","work","xyz","yachts","yoga","za.com"],"resourceTypes":["main_frame"]},"id":3,"priority":29},
{"action":{"redirect":{"regexSubstitution":"/strictblock.html#\\0"},"type":"redirect"},"condition":{"regexFilter":"^.*://smbc-.*","requestDomains":["club","cn","fit","help","homes","lat","link","mom","my","pics","shop","top","work"],"resourceTypes":["main_frame"]},"id":4,"priority":29},
{"action":{"redirect":{"regexSubstitution":"/strictblock.html#\\0"},"type":"redirect"},"condition":{"regexFilter":"^.*/brand/detail/m.*?\\.html\\?zenid=.*","requestDomains":["cfd","fun","qpon","sale","shop","space","top","xyz"],"resourceTypes":["main_frame"]},"id":5,"priority":29},
{"action":{"redirect":{"regexSubstitution":"/strictblock.html#\\0"},"type":"redirect"},"condition":{"regexFilter":"^.*/shopping/item/m.*?/\\?zenid=.*","requestDomains":["cfd","fun","qpon","sale","shop","space","top","xyz"],"resourceTypes":["main_frame"]},"id":6,"priority":29},
{"action":{"redirect":{"regexSubstitution":"/strictblock.html#\\0"},"type":"redirect"},"condition":{"regexFilter":"^.*/mall/.*?\\.html\\?zenid=.*","requestDomains":["cfd","fun","qpon","shop","space","top","xyz"],"resourceTypes":["main_frame"]},"id":7,"priority":29},
{"action":{"redirect":{"regexSubstitution":"/strictblock.html#\\0"},"type":"redirect"},"condition":{"regexFilter":"^.*/mart/.*?\\.html\\?zenid=.*","requestDomains":["cfd","fun","qpon","shop","space","top","xyz"],"resourceTypes":["main_frame"]},"id":8,"priority":29},
{"action":{"redirect":{"regexSubstitution":"/strictblock.html#\\0"},"type":"redirect"},"condition":{"regexFilter":"^.*\\.co\\.jp\\..*?\\..*?/.*","requestDomains":["cn","cyou","help","icu","link","sbs"],"resourceTypes":["main_frame"]},"id":9,"priority":29},
{"action":{"redirect":{"regexSubstitution":"/strictblock.html#\\0"},"type":"redirect"},"condition":{"regexFilter":"^.*/signim/index\\.php\\?.*?&openid_return_to=https%3a%2f%2fwww\\.amazon\\.co\\.jp.*","requestDomains":["cn","com","sbs","top","xyz"],"resourceTypes":["main_frame"]},"id":10,"priority":29},
{"action":{"redirect":{"regexSubstitution":"/strictblock.html#\\0"},"type":"redirect"},"condition":{"excludedRequestDomains":["ocam.live"],"regexFilter":"^.*/index\\.php\\?route=product/product&product_id=.*","requestDomains":["cyou","life","live","shop","xyz"],"resourceTypes":["main_frame"]},"id":11,"priority":29},
{"action":{"redirect":{"regexSubstitution":"/strictblock.html#\\0"},"type":"redirect"},"condition":{"regexFilter":"^.*-co-jp-.*?\\..*?/.*","requestDomains":["cfd","com","sbs","site"],"resourceTypes":["main_frame"]},"id":12,"priority":29},
{"action":{"redirect":{"regexSubstitution":"/strictblock.html#\\0"},"type":"redirect"},"condition":{"regexFilter":"^.*-co-jp\\..*?\\..*?/.*","requestDomains":["cfd","com","sbs","site"],"resourceTypes":["main_frame"]},"id":13,"priority":29},
{"action":{"redirect":{"regexSubstitution":"/strictblock.html#\\0"},"type":"redirect"},"condition":{"regexFilter":"^.*/\\?ac=.*?&ic=.*","requestDomains":["com","fun","online","site"],"resourceTypes":["main_frame"]},"id":14,"priority":29},
{"action":{"redirect":{"regexSubstitution":"/strictblock.html#\\0"},"type":"redirect"},"condition":{"regexFilter":"^.*\\.asp\\?ac=.*?&ic=.*","requestDomains":["com","fun","online","site"],"resourceTypes":["main_frame"]},"id":15,"priority":29},
{"action":{"redirect":{"regexSubstitution":"/strictblock.html#\\0"},"type":"redirect"},"condition":{"regexFilter":"^.*://vpass-jp\\..*","requestDomains":["biz","sbs","top"],"resourceTypes":["main_frame"]},"id":16,"priority":29},
{"action":{"redirect":{"regexSubstitution":"/strictblock.html#\\0"},"type":"redirect"},"condition":{"regexFilter":"^.*/ap/sign\\.php\\?authenticated=true&openid%2fgp%2fsignin%2fx%26i%3da%26oauth%3dm%26i%3fie%3dutf8%26ref_%3drhf_custrec_signin(?:[^%.0-9a-z_-]|$).*","requestDomains":["best","cn","top"],"resourceTypes":["main_frame"]},"id":17,"priority":29},
{"action":{"redirect":{"regexSubstitution":"/strictblock.html#\\0"},"type":"redirect"},"condition":{"regexFilter":"^.*/signin/index\\.php\\?.*?&openid_return_to=https%3a%2f%2fwww\\.amazon\\.co\\.jp.*","requestDomains":["sbs","top","xyz"],"resourceTypes":["main_frame"]},"id":18,"priority":29},
{"action":{"redirect":{"regexSubstitution":"/strictblock.html#\\0"},"type":"redirect"},"condition":{"regexFilter":"^.*://smbc\\..*","requestDomains":["cn","com","top"],"resourceTypes":["main_frame"]},"id":19,"priority":29},
{"action":{"redirect":{"regexSubstitution":"/strictblock.html#\\0"},"type":"redirect"},"condition":{"regexFilter":"^.*://smdc-.*","requestDomains":["cn","fit","pl"],"resourceTypes":["main_frame"]},"id":20,"priority":29},
{"action":{"redirect":{"regexSubstitution":"/strictblock.html#\\0"},"type":"redirect"},"condition":{"regexFilter":"^http://t-.*?/cz/.*","requestDomains":["monster","online","space"],"resourceTypes":["main_frame"]},"id":21,"priority":29},
{"action":{"redirect":{"regexSubstitution":"/strictblock.html#\\0"},"type":"redirect"},"condition":{"regexFilter":"^.*/\\?rfunccode=.*?&nextfunc=.*","requestDomains":["cn","com","top"],"resourceTypes":["main_frame"]},"id":22,"priority":29},
{"action":{"redirect":{"regexSubstitution":"/strictblock.html#\\0"},"type":"redirect"},"condition":{"regexFilter":"^.*/ap/signin/openid\\.pape\\.max_auth_age=0&openid\\.return_to=https%3a%2f%2fwww\\.amazon\\.co\\.jp.*","requestDomains":["cn","top","xyz"],"resourceTypes":["main_frame"]},"id":23,"priority":29},
{"action":{"redirect":{"regexSubstitution":"/strictblock.html#\\0"},"type":"redirect"},"condition":{"regexFilter":"^.*/\\?stage=verify.*","requestDomains":["cn","mobi"],"resourceTypes":["main_frame"]},"id":24,"priority":29},
{"action":{"redirect":{"regexSubstitution":"/strictblock.html#\\0"},"type":"redirect"},"condition":{"regexFilter":"^.*/%f0%9d%90%a2%f0%9d%90%a7%f0%9d%90%9d%f0%9d%90%9e%f0%9d%90%b1\\.%f0%9d%90%a1%f0%9d%90%ad%f0%9d%90%a6%f0%9d%90%a5.*","requestDomains":["shop","top"],"resourceTypes":["main_frame"]},"id":25,"priority":29},
{"action":{"redirect":{"regexSubstitution":"/strictblock.html#\\0"},"type":"redirect"},"condition":{"regexFilter":"^.*/app/auth_login$","requestDomains":["bond","sbs"],"resourceTypes":["main_frame"]},"id":26,"priority":29},
{"action":{"redirect":{"regexSubstitution":"/strictblock.html#\\0"},"type":"redirect"},"condition":{"regexFilter":"^.*/\\?_encoding=utf8&openid\\.assoc_handle=jpflex&openid\\.claimed_id=&action=sign-in&path=home&ref_=nav_account&signin=1&useredirectonsuccess=1$","requestDomains":["cn","com"],"resourceTypes":["main_frame"]},"id":27,"priority":29},
{"action":{"redirect":{"regexSubstitution":"/strictblock.html#\\0"},"type":"redirect"},"condition":{"regexFilter":"^.*/memberservice/login$","requestDomains":["sbs","xyz"],"resourceTypes":["main_frame"]},"id":28,"priority":29},
{"action":{"redirect":{"regexSubstitution":"/strictblock.html#\\0"},"type":"redirect"},"condition":{"regexFilter":"^.*_co_jp\\..*?\\.php.*","requestDomains":["cc","com"],"resourceTypes":["main_frame"]},"id":29,"priority":29},
{"action":{"redirect":{"regexSubstitution":"/strictblock.html#\\0"},"type":"redirect"},"condition":{"regexFilter":"^.*://visa-.*?/pay-with-featured/.*","requestDomains":["cn","com"],"resourceTypes":["main_frame"]},"id":30,"priority":29},
{"action":{"redirect":{"regexSubstitution":"/strictblock.html#\\0"},"type":"redirect"},"condition":{"regexFilter":"^.*://eki-.*?\\..*?/perosnal_member/.*","requestDomains":["cn","com"],"resourceTypes":["main_frame"]},"id":31,"priority":29},
{"action":{"redirect":{"regexSubstitution":"/strictblock.html#\\0"},"type":"redirect"},"condition":{"regexFilter":"^.*/funccode\\.php$","requestDomains":["cfd","xyz"],"resourceTypes":["main_frame"]},"id":32,"priority":29},
{"action":{"redirect":{"regexSubstitution":"/strictblock.html#\\0"},"type":"redirect"},"condition":{"regexFilter":"^.*\\.jp%.*?@.*?/.*","requestDomains":["cn","com"],"resourceTypes":["main_frame"]},"id":33,"priority":29},
{"action":{"redirect":{"regexSubstitution":"/strictblock.html#\\0"},"type":"redirect"},"condition":{"regexFilter":"^.*\\.com%.*?@.*?/.*","requestDomains":["cn","com"],"resourceTypes":["main_frame"]},"id":34,"priority":29},
{"action":{"redirect":{"regexSubstitution":"/strictblock.html#\\0"},"type":"redirect"},"condition":{"regexFilter":"^.*/ja/payment/$","requestDomains":["co.in","co.za"],"resourceTypes":["main_frame"]},"id":35,"priority":29},
{"action":{"redirect":{"regexSubstitution":"/strictblock.html#\\0"},"type":"redirect"},"condition":{"regexFilter":"^.*://eki-net-.*?\\..*?/perosnal_member/.*","requestDomains":["cn","net"],"resourceTypes":["main_frame"]},"id":36,"priority":29},
{"action":{"redirect":{"regexSubstitution":"/strictblock.html#\\0"},"type":"redirect"},"condition":{"regexFilter":"^.*://.*?\\..*?\\.cn/jp(?:[^%.0-9a-z_-]|$).*","requestDomains":["cn"],"resourceTypes":["main_frame"]},"id":37,"priority":29},
{"action":{"redirect":{"regexSubstitution":"/strictblock.html#\\0"},"type":"redirect"},"condition":{"regexFilter":"^.*-or-jp\\.net/.*","requestDomains":["net"],"resourceTypes":["main_frame"]},"id":38,"priority":29},
{"action":{"redirect":{"regexSubstitution":"/strictblock.html#\\0"},"type":"redirect"},"condition":{"regexFilter":"^.*\\.com/co\\.jp/$","requestDomains":["com"],"resourceTypes":["main_frame"]},"id":39,"priority":29},
{"action":{"redirect":{"regexSubstitution":"/strictblock.html#\\0"},"type":"redirect"},"condition":{"regexFilter":"^.*&p=.*?&_mi$","requestDomains":["top"],"resourceTypes":["main_frame"]},"id":40,"priority":29},
{"action":{"redirect":{"regexSubstitution":"/strictblock.html#\\0"},"type":"redirect"},"condition":{"regexFilter":"^.*://smbccard.*?\\..*","requestDomains":["club"],"resourceTypes":["main_frame"]},"id":41,"priority":29},
{"action":{"redirect":{"regexSubstitution":"/strictblock.html#\\0"},"type":"redirect"},"condition":{"regexFilter":"^.*(?:[^%.0-9a-z_-]|$)anph=\\(0101\\)-.*","resourceTypes":["main_frame"]},"id":42,"priority":29},
{"action":{"redirect":{"regexSubstitution":"/strictblock.html#\\0"},"type":"redirect"},"condition":{"regexFilter":"^.*@.*?\\?stage=verify$","resourceTypes":["main_frame"]},"id":43,"priority":29},
{"action":{"redirect":{"regexSubstitution":"/strictblock.html#\\0"},"type":"redirect"},"condition":{"regexFilter":"^.*\\.cfd/jp$","resourceTypes":["main_frame"]},"id":44,"priority":29},
{"action":{"redirect":{"regexSubstitution":"/strictblock.html#\\0"},"type":"redirect"},"condition":{"regexFilter":"^.*\\.com/htm/sh1n/selectstate.*","resourceTypes":["main_frame"]},"id":45,"priority":29},
{"action":{"redirect":{"regexSubstitution":"/strictblock.html#\\0"},"type":"redirect"},"condition":{"regexFilter":"^.*\\.mobi/\\?token=.*","resourceTypes":["main_frame"]},"id":46,"priority":29},
{"action":{"redirect":{"regexSubstitution":"/strictblock.html#\\0"},"type":"redirect"},"condition":{"regexFilter":"^.*\\.cfd/co-jp/.*","resourceTypes":["main_frame"]},"id":47,"priority":29},
{"action":{"redirect":{"regexSubstitution":"/strictblock.html#\\0"},"type":"redirect"},"condition":{"regexFilter":"^.*\\.vip/\\?type=countersign.*","resourceTypes":["main_frame"]},"id":48,"priority":29},
{"action":{"redirect":{"regexSubstitution":"/strictblock.html#\\0"},"type":"redirect"},"condition":{"regexFilter":"^.*\\.top/v2/check$","resourceTypes":["main_frame"]},"id":49,"priority":29},
{"action":{"redirect":{"regexSubstitution":"/strictblock.html#\\0"},"type":"redirect"},"condition":{"regexFilter":"^.*\\.fun/v2/check$","resourceTypes":["main_frame"]},"id":50,"priority":29},
{"action":{"redirect":{"regexSubstitution":"/strictblock.html#\\0"},"type":"redirect"},"condition":{"regexFilter":"^.*\\.info/v2/check$","resourceTypes":["main_frame"]},"id":51,"priority":29},
{"action":{"redirect":{"regexSubstitution":"/strictblock.html#\\0"},"type":"redirect"},"condition":{"regexFilter":"^.*\\.live/product_details\\?id=.*","resourceTypes":["main_frame"]},"id":52,"priority":29},
{"action":{"redirect":{"regexSubstitution":"/strictblock.html#\\0"},"type":"redirect"},"condition":{"regexFilter":"^.*\\.click/product_tag\\?id=.*","resourceTypes":["main_frame"]},"id":53,"priority":29},
{"action":{"redirect":{"regexSubstitution":"/strictblock.html#\\0"},"type":"redirect"},"condition":{"regexFilter":"^.*\\.click/product_details\\?id=.*","resourceTypes":["main_frame"]},"id":54,"priority":29},
{"action":{"redirect":{"regexSubstitution":"/strictblock.html#\\0"},"type":"redirect"},"condition":{"regexFilter":"^.*/fingerprint\\.php.*","resourceTypes":["main_frame"]},"id":55,"priority":29},
{"action":{"redirect":{"regexSubstitution":"/strictblock.html#\\0"},"type":"redirect"},"condition":{"regexFilter":"^.*://www\\..*?\\.com/article/login$","resourceTypes":["main_frame"]},"id":56,"priority":29},
{"action":{"redirect":{"regexSubstitution":"/strictblock.html#\\0"},"type":"redirect"},"condition":{"regexFilter":"^.*\\.com/article/line-20151012.*","resourceTypes":["main_frame"]},"id":57,"priority":29},
{"action":{"redirect":{"regexSubstitution":"/strictblock.html#\\0"},"type":"redirect"},"condition":{"regexFilter":"^.*\\.cfd/.*?\\.co\\.jp/.*","resourceTypes":["main_frame"]},"id":58,"priority":29},
{"action":{"redirect":{"regexSubstitution":"/strictblock.html#\\0"},"type":"redirect"},"condition":{"regexFilter":"^.*://myaccount\\..*?\\.cfd/.*","resourceTypes":["main_frame"]},"id":59,"priority":29},
{"action":{"redirect":{"regexSubstitution":"/strictblock.html#\\0"},"type":"redirect"},"condition":{"regexFilter":"^.*\\.com/%f0%9d%90%a3%f0%9d%90%9a-%f0%9d%90%a3%f0%9d%90%a9/.*","resourceTypes":["main_frame"]},"id":60,"priority":29},
{"action":{"redirect":{"regexSubstitution":"/strictblock.html#\\0"},"type":"redirect"},"condition":{"regexFilter":"^.*://www\\.smbc-.*?\\.top/.*","resourceTypes":["main_frame"]},"id":61,"priority":29},
{"action":{"redirect":{"regexSubstitution":"/strictblock.html#\\0"},"type":"redirect"},"condition":{"regexFilter":"^.*\\.com/www\\..*?\\.co\\.jp/login/.*","resourceTypes":["main_frame"]},"id":62,"priority":29},
{"action":{"redirect":{"regexSubstitution":"/strictblock.html#\\0"},"type":"redirect"},"condition":{"regexFilter":"^.*\\.com/www\\..*?\\.com/login/.*","resourceTypes":["main_frame"]},"id":63,"priority":29},
{"action":{"redirect":{"regexSubstitution":"/strictblock.html#\\0"},"type":"redirect"},"condition":{"regexFilter":"^.*-co-jp\\.net/login$","resourceTypes":["main_frame"]},"id":64,"priority":29},
{"action":{"redirect":{"regexSubstitution":"/strictblock.html#\\0"},"type":"redirect"},"condition":{"regexFilter":"^.*\\.verify\\.co\\.jp\\..*?\\.com/ja.*","resourceTypes":["main_frame"]},"id":65,"priority":29},
{"action":{"redirect":{"regexSubstitution":"/strictblock.html#\\0"},"type":"redirect"},"condition":{"regexFilter":"^.*/jsda\\.apk(?:[^%.0-9a-z_-]|$).*","resourceTypes":["main_frame"]},"id":66,"priority":29},
{"action":{"redirect":{"regexSubstitution":"/strictblock.html#\\0"},"type":"redirect"},"condition":{"regexFilter":"^.*\\.com/etc\\.php\\?.*","resourceTypes":["main_frame"]},"id":67,"priority":29},
{"action":{"redirect":{"regexSubstitution":"/strictblock.html#\\0"},"type":"redirect"},"condition":{"regexFilter":"^.*://jp\\.mercari\\..*?\\.com/signin/.*","resourceTypes":["main_frame"]},"id":68,"priority":29},
{"action":{"redirect":{"regexSubstitution":"/strictblock.html#\\0"},"type":"redirect"},"condition":{"regexFilter":"^.*://smbc-.*?\\..*?\\.com/mem/.*","resourceTypes":["main_frame"]},"id":69,"priority":29},
{"action":{"redirect":{"regexSubstitution":"/strictblock.html#\\0"},"type":"redirect"},"condition":{"regexFilter":"^.*://resonabank-.*?\\.top/.*","resourceTypes":["main_frame"]},"id":70,"priority":29},
{"action":{"redirect":{"regexSubstitution":"/strictblock.html#\\0"},"type":"redirect"},"condition":{"regexFilter":"^.*/lwrrgdy.*?&callimtype=.*?&rolevalue=1&roledata=.*","resourceTypes":["main_frame"]},"id":71,"priority":29},
{"action":{"redirect":{"regexSubstitution":"/strictblock.html#\\0"},"type":"redirect"},"condition":{"regexFilter":"^.*-co-jp\\..*?\\.com/login/.*","resourceTypes":["main_frame"]},"id":72,"priority":29},
{"action":{"redirect":{"regexSubstitution":"/strictblock.html#\\0"},"type":"redirect"},"condition":{"regexFilter":"^.*-co-jp\\..*?\\.com/etgate/.*","resourceTypes":["main_frame"]},"id":73,"priority":29},
{"action":{"redirect":{"regexSubstitution":"/strictblock.html#\\0"},"type":"redirect"},"condition":{"regexFilter":"^.*\\.cn/rsv_p/smart_index\\.htm.*","resourceTypes":["main_frame"]},"id":74,"priority":29},
{"action":{"redirect":{"regexSubstitution":"/strictblock.html#\\0"},"type":"redirect"},"condition":{"regexFilter":"^.*\\.icu/v1/check$","resourceTypes":["main_frame"]},"id":75,"priority":29},
{"action":{"redirect":{"regexSubstitution":"/strictblock.html#\\0"},"type":"redirect"},"condition":{"regexFilter":"^.*\\.sbs/v1/check$","resourceTypes":["main_frame"]},"id":76,"priority":29},
{"action":{"redirect":{"regexSubstitution":"/strictblock.html#\\0"},"type":"redirect"},"condition":{"regexFilter":"^.*-mufg-jp\\..*?\\.com/.*","resourceTypes":["main_frame"]},"id":77,"priority":29},
{"action":{"redirect":{"regexSubstitution":"/strictblock.html#\\0"},"type":"redirect"},"condition":{"regexFilter":"^.*://www\\.jabank\\..*?\\..*?\\.com/.*","resourceTypes":["main_frame"]},"id":78,"priority":29},
{"action":{"redirect":{"regexSubstitution":"/strictblock.html#\\0"},"type":"redirect"},"condition":{"regexFilter":"^.*://pocketcard-.*?\\.cn/netservice/login/.*","resourceTypes":["main_frame"]},"id":79,"priority":29},
{"action":{"redirect":{"regexSubstitution":"/strictblock.html#\\0"},"type":"redirect"},"condition":{"regexFilter":"^.*\\.shop/.*?%f0%9d%9a%8c%f0%9d%9a%98\\.%f0%9d%9a%93%f0%9d%9a%99/.*","resourceTypes":["main_frame"]},"id":80,"priority":29},
{"action":{"redirect":{"regexSubstitution":"/strictblock.html#\\0"},"type":"redirect"},"condition":{"regexFilter":"^.*://mufg-.*?\\.cn\\?token=.*","resourceTypes":["main_frame"]},"id":81,"priority":29},
{"action":{"redirect":{"regexSubstitution":"/strictblock.html#\\0"},"type":"redirect"},"condition":{"regexFilter":"^.*://www\\.smbc\\..*?\\.top/.*","resourceTypes":["main_frame"]},"id":82,"priority":29},
{"action":{"redirect":{"regexSubstitution":"/strictblock.html#\\0"},"type":"redirect"},"condition":{"regexFilter":"^.*://visa\\..*?\\.top/web/.*","resourceTypes":["main_frame"]},"id":83,"priority":29},
{"action":{"redirect":{"regexSubstitution":"/strictblock.html#\\0"},"type":"redirect"},"condition":{"regexFilter":"^.*://icloud-.*?\\.cn/.*","resourceTypes":["main_frame"]},"id":84,"priority":29},
{"action":{"redirect":{"regexSubstitution":"/strictblock.html#\\0"},"type":"redirect"},"condition":{"regexFilter":"^.*\\.icu/.*?\\.jp/$","resourceTypes":["main_frame"]},"id":85,"priority":29},
{"action":{"redirect":{"regexSubstitution":"/strictblock.html#\\0"},"type":"redirect"},"condition":{"regexFilter":"^.*\\.icu/verify$","resourceTypes":["main_frame"]},"id":86,"priority":29},
{"action":{"redirect":{"regexSubstitution":"/strictblock.html#\\0"},"type":"redirect"},"condition":{"regexFilter":"^.*\\.top/v1/check$","resourceTypes":["main_frame"]},"id":87,"priority":29},
{"action":{"redirect":{"regexSubstitution":"/strictblock.html#\\0"},"type":"redirect"},"condition":{"regexFilter":"^.*\\.com/cash/driect/client/anti/3210000(?:[^%.0-9a-z_-]|$).*","resourceTypes":["main_frame"]},"id":88,"priority":29},
{"action":{"redirect":{"regexSubstitution":"/strictblock.html#\\0"},"type":"redirect"},"condition":{"regexFilter":"^.*://etc-.*?\\.cn/rfuncc1.*","resourceTypes":["main_frame"]},"id":89,"priority":29},
{"action":{"redirect":{"regexSubstitution":"/strictblock.html#\\0"},"type":"redirect"},"condition":{"regexFilter":"^.*/landers/.*?\\.php\\?lp_key=.*","resourceTypes":["main_frame"]},"id":90,"priority":29},
{"action":{"redirect":{"regexSubstitution":"/strictblock.html#\\0"},"type":"redirect"},"condition":{"regexFilter":"^.*://www-matsui-co-jp-.*","resourceTypes":["main_frame"]},"id":91,"priority":29},
{"action":{"redirect":{"regexSubstitution":"/strictblock.html#\\0"},"type":"redirect"},"condition":{"regexFilter":"^.*://sagawa-.*?\\.cn/login_show/.*","resourceTypes":["main_frame"]},"id":92,"priority":29},
{"action":{"redirect":{"regexSubstitution":"/strictblock.html#\\0"},"type":"redirect"},"condition":{"regexFilter":"^.*\\.net/co\\.jp/$","resourceTypes":["main_frame"]},"id":93,"priority":29},
{"action":{"redirect":{"regexSubstitution":"/strictblock.html#\\0"},"type":"redirect"},"condition":{"regexFilter":"^.*-pages-dev\\.translate\\.goog/.*?\\.co\\.jp\\.html\\?_x_tr_sch=&.*","resourceTypes":["main_frame"]},"id":94,"priority":29},
{"action":{"redirect":{"regexSubstitution":"/strictblock.html#\\0"},"type":"redirect"},"condition":{"regexFilter":"^.*\\.icu/redirect\\.php\\?token=.*","resourceTypes":["main_frame"]},"id":95,"priority":29},
{"action":{"redirect":{"regexSubstitution":"/strictblock.html#\\0"},"type":"redirect"},"condition":{"regexFilter":"^.*://mastercard-.*?\\.cn/features-benefits/.*","resourceTypes":["main_frame"]},"id":96,"priority":29},
{"action":{"redirect":{"regexSubstitution":"/strictblock.html#\\0"},"type":"redirect"},"condition":{"regexFilter":"^.*://sb1-.*?\\.com/etgate/accountdata(?:[^%.0-9a-z_-]|$).*","resourceTypes":["main_frame"]},"id":97,"priority":29},
{"action":{"redirect":{"regexSubstitution":"/strictblock.html#\\0"},"type":"redirect"},"condition":{"regexFilter":"^http://3\\.34\\.69\\.214/rel/p/.*","resourceTypes":["main_frame"]},"id":98,"priority":29},
{"action":{"redirect":{"regexSubstitution":"/strictblock.html#\\0"},"type":"redirect"},"condition":{"regexFilter":"^.*-co-jp\\.com/sbi4sec/.*","resourceTypes":["main_frame"]},"id":99,"priority":29},
{"action":{"redirect":{"regexSubstitution":"/strictblock.html#\\0"},"type":"redirect"},"condition":{"regexFilter":"^.*://apple-.*?\\.com/account_int/.*","resourceTypes":["main_frame"]},"id":100,"priority":29},
{"action":{"redirect":{"regexSubstitution":"/strictblock.html#\\0"},"type":"redirect"},"condition":{"regexFilter":"^.*://www-dmm\\..*?\\.com/rajklnc/.*","resourceTypes":["main_frame"]},"id":101,"priority":29},
{"action":{"redirect":{"regexSubstitution":"/strictblock.html#\\0"},"type":"redirect"},"condition":{"regexFilter":"^.*/rms/client/lo0101001\\.php.*","resourceTypes":["main_frame"]},"id":102,"priority":29},
{"action":{"redirect":{"regexSubstitution":"/strictblock.html#\\0"},"type":"redirect"},"condition":{"regexFilter":"^.*\\?ph0nq=010.*","resourceTypes":["main_frame"]},"id":103,"priority":29},
{"action":{"redirect":{"regexSubstitution":"/strictblock.html#\\0"},"type":"redirect"},"condition":{"regexFilter":"^.*\\?ph0ne=\\(050\\)-.*","resourceTypes":["main_frame"]},"id":104,"priority":29},
{"action":{"redirect":{"regexSubstitution":"/strictblock.html#\\0"},"type":"redirect"},"condition":{"regexFilter":"^.*://dhl-.*?/portal_login_exp/getquotetab/.*","resourceTypes":["main_frame"]},"id":105,"priority":29},
{"action":{"redirect":{"regexSubstitution":"/strictblock.html#\\0"},"type":"redirect"},"condition":{"regexFilter":"^.*\\.com/etgate/accountdata\\?redirecttoken=.*","resourceTypes":["main_frame"]},"id":106,"priority":29},
{"action":{"redirect":{"regexSubstitution":"/strictblock.html#\\0"},"type":"redirect"},"condition":{"regexFilter":"^.*\\.top/aple/.*","resourceTypes":["main_frame"]},"id":107,"priority":29},
{"action":{"redirect":{"regexSubstitution":"/strictblock.html#\\0"},"type":"redirect"},"condition":{"regexFilter":"^.*://eki-net\\..*?/co\\.jp/.*","resourceTypes":["main_frame"]},"id":108,"priority":29},
{"action":{"redirect":{"regexSubstitution":"/strictblock.html#\\0"},"type":"redirect"},"condition":{"regexFilter":"^.*/\\?a=.*?&i=random.*?&t=.*","resourceTypes":["main_frame"]},"id":109,"priority":29},
{"action":{"redirect":{"regexSubstitution":"/strictblock.html#\\0"},"type":"redirect"},"condition":{"regexFilter":"^.*/\\?a=.*?&i=imgcode_.*?&t=.*","resourceTypes":["main_frame"]},"id":110,"priority":29},
{"action":{"redirect":{"regexSubstitution":"/strictblock.html#\\0"},"type":"redirect"},"condition":{"regexFilter":"^.*\\?t=jpn_adultmain\\.txt&cid=.*","resourceTypes":["main_frame"]},"id":111,"priority":29},
{"action":{"redirect":{"regexSubstitution":"/strictblock.html#\\0"},"type":"redirect"},"condition":{"regexFilter":"^.*://icloud-apple-.*?\\.net/account_int/.*","resourceTypes":["main_frame"]},"id":112,"priority":29},
{"action":{"redirect":{"regexSubstitution":"/strictblock.html#\\0"},"type":"redirect"},"condition":{"regexFilter":"^.*://ekl-net\\..*?\\.shop/.*","resourceTypes":["main_frame"]},"id":113,"priority":29},
{"action":{"redirect":{"regexSubstitution":"/strictblock.html#\\0"},"type":"redirect"},"condition":{"regexFilter":"^.*\\.com/smartphone/v_act_login\\.html.*","resourceTypes":["main_frame"]},"id":114,"priority":29},
{"action":{"redirect":{"regexSubstitution":"/strictblock.html#\\0"},"type":"redirect"},"condition":{"regexFilter":"^.*\\.com/its/v_act_login\\.html.*","resourceTypes":["main_frame"]},"id":115,"priority":29},
{"action":{"redirect":{"regexSubstitution":"/strictblock.html#\\0"},"type":"redirect"},"condition":{"regexFilter":"^.*://icloud\\.apple\\..*?\\.cn/account_int/.*","resourceTypes":["main_frame"]},"id":116,"priority":29},
{"action":{"redirect":{"regexSubstitution":"/strictblock.html#\\0"},"type":"redirect"},"condition":{"regexFilter":"^.*\\.com/top/client/select_.*?\\.php$","resourceTypes":["main_frame"]},"id":117,"priority":29},
{"action":{"redirect":{"regexSubstitution":"/strictblock.html#\\0"},"type":"redirect"},"condition":{"regexFilter":"^.*/all/firstselect\\.php\\?.*","resourceTypes":["main_frame"]},"id":118,"priority":29},
{"action":{"redirect":{"regexSubstitution":"/strictblock.html#\\0"},"type":"redirect"},"condition":{"regexFilter":"^.*://viewsnet-.*?\\.cn/first_jalsuica-default/.*","resourceTypes":["main_frame"]},"id":119,"priority":29},
{"action":{"redirect":{"regexSubstitution":"/strictblock.html#\\0"},"type":"redirect"},"condition":{"regexFilter":"^.*://ucscard-.*?\\.cn/netserve_login/.*","resourceTypes":["main_frame"]},"id":120,"priority":29},
{"action":{"redirect":{"regexSubstitution":"/strictblock.html#\\0"},"type":"redirect"},"condition":{"regexFilter":"^.*/pop/jp-.*?/index\\.php\\?.*","resourceTypes":["main_frame"]},"id":121,"priority":29},
{"action":{"redirect":{"regexSubstitution":"/strictblock.html#\\0"},"type":"redirect"},"condition":{"regexFilter":"^.*://jap\\..*?/pop/jp-.*","resourceTypes":["main_frame"]},"id":122,"priority":29},
{"action":{"redirect":{"regexSubstitution":"/strictblock.html#\\0"},"type":"redirect"},"condition":{"regexFilter":"^.*/\\?p=\\(0101\\)-.*","resourceTypes":["main_frame"]},"id":123,"priority":29},
{"action":{"redirect":{"regexSubstitution":"/strictblock.html#\\0"},"type":"redirect"},"condition":{"regexFilter":"^.*\\.cn/bot/bot\\.php$","resourceTypes":["main_frame"]},"id":124,"priority":29},
{"action":{"redirect":{"regexSubstitution":"/strictblock.html#\\0"},"type":"redirect"},"condition":{"regexFilter":"^.*://jap\\..*?/\\?cep=.*","resourceTypes":["main_frame"]},"id":125,"priority":29},
{"action":{"redirect":{"regexSubstitution":"/strictblock.html#\\0"},"type":"redirect"},"condition":{"regexFilter":"^.*://s3\\..*?\\.amazonaws\\.com/.*?\\..*?\\..*?\\..*?\\..*?\\..*?\\..*?/index\\.html.*","resourceTypes":["main_frame"]},"id":126,"priority":29},
{"action":{"redirect":{"regexSubstitution":"/strictblock.html#\\0"},"type":"redirect"},"condition":{"regexFilter":"^.*://web-mbservice\\..*?\\..*?\\.top/login(?:[^%.0-9a-z_-]|$).*","resourceTypes":["main_frame"]},"id":127,"priority":29},
{"action":{"redirect":{"regexSubstitution":"/strictblock.html#\\0"},"type":"redirect"},"condition":{"regexFilter":"^.*\\.cn/member/login\\.php\\?aid=net-service.*","resourceTypes":["main_frame"]},"id":128,"priority":29},
{"action":{"redirect":{"regexSubstitution":"/strictblock.html#\\0"},"type":"redirect"},"condition":{"regexFilter":"^.*\\.cn/ap/signin\\?openid\\..*?&openid\\.return_to=https%3a%2f%2fwww\\.amazon\\.co\\.jp.*","resourceTypes":["main_frame"]},"id":129,"priority":29},
{"action":{"redirect":{"regexSubstitution":"/strictblock.html#\\0"},"type":"redirect"},"condition":{"regexFilter":"^.*/0040/b/b/b/c100/kbc11bn000b000(?:[^%.0-9a-z_-]|$).*","resourceTypes":["main_frame"]},"id":130,"priority":29},
{"action":{"redirect":{"regexSubstitution":"/strictblock.html#\\0"},"type":"redirect"},"condition":{"regexFilter":"^.*\\.cn/pc/wctxnbcw2101\\.doa\\.php.*","resourceTypes":["main_frame"]},"id":131,"priority":29},
{"action":{"redirect":{"regexSubstitution":"/strictblock.html#\\0"},"type":"redirect"},"condition":{"regexFilter":"^.*\\.cn/phone/wctxnbcw2101\\.doa\\.php.*","resourceTypes":["main_frame"]},"id":132,"priority":29},
{"action":{"redirect":{"regexSubstitution":"/strictblock.html#\\0"},"type":"redirect"},"condition":{"regexFilter":"^.*://rakuten\\..*?/rms/nid/logini.*","resourceTypes":["main_frame"]},"id":133,"priority":29},
{"action":{"redirect":{"regexSubstitution":"/strictblock.html#\\0"},"type":"redirect"},"condition":{"regexFilter":"^.*://s3\\..*?-1\\.amazonaws\\.com/.*?\\.z13\\.web\\.core\\.windows\\.net/.*?-.*?-.*?-.*?-.*?-.*?/.*?/index\\.html$","resourceTypes":["main_frame"]},"id":134,"priority":29},
{"action":{"redirect":{"regexSubstitution":"/strictblock.html#\\0"},"type":"redirect"},"condition":{"regexFilter":"^[a-z-]+://(?:[^/?#]+\\.)?s3\\.ap-southeast-1\\.amazonaws\\.com/.*?\\.html\\.html$","resourceTypes":["main_frame"]},"id":135,"priority":29},
{"action":{"redirect":{"regexSubstitution":"/strictblock.html#\\0"},"type":"redirect"},"condition":{"regexFilter":"^.*/m08myr0hotline0jp07/.*","resourceTypes":["main_frame"]},"id":136,"priority":29},
{"action":{"redirect":{"regexSubstitution":"/strictblock.html#\\0"},"type":"redirect"},"condition":{"regexFilter":"^.*/w08myr0hotline0jp07/.*","resourceTypes":["main_frame"]},"id":137,"priority":29},
{"action":{"redirect":{"regexSubstitution":"/strictblock.html#\\0"},"type":"redirect"},"condition":{"regexFilter":"^.*://kuroneko.*?\\.cc/jp.*","resourceTypes":["main_frame"]},"id":138,"priority":29},
{"action":{"redirect":{"regexSubstitution":"/strictblock.html#\\0"},"type":"redirect"},"condition":{"regexFilter":"^.*://kuroneko.*?\\.top/jp.*","resourceTypes":["main_frame"]},"id":139,"priority":29},
{"action":{"redirect":{"regexSubstitution":"/strictblock.html#\\0"},"type":"redirect"},"condition":{"regexFilter":"^.*-go-jp\\.com/.*","resourceTypes":["main_frame"]},"id":140,"priority":29},
{"action":{"redirect":{"regexSubstitution":"/strictblock.html#\\0"},"type":"redirect"},"condition":{"regexFilter":"^[a-z-]+://(?:[^/?#]+\\.)?web\\.core\\.windows\\.net/merrx01.*?/index\\.html.*","resourceTypes":["main_frame"]},"id":141,"priority":29},
{"action":{"redirect":{"regexSubstitution":"/strictblock.html#\\0"},"type":"redirect"},"condition":{"regexFilter":"^.*/index\\.html\\?num=0101\\+.*","resourceTypes":["main_frame"]},"id":142,"priority":29},
{"action":{"redirect":{"regexSubstitution":"/strictblock.html#\\0"},"type":"redirect"},"condition":{"regexFilter":"^[a-z-]+://(?:[^/?#]+\\.)?z13\\.web\\.core\\.windows\\.net/.*?-.*?-.*?-.*?-.*?-.*?-.*?/index\\.html.*","resourceTypes":["main_frame"]},"id":143,"priority":29},
{"action":{"redirect":{"regexSubstitution":"/strictblock.html#\\0"},"type":"redirect"},"condition":{"regexFilter":"^[a-z-]+://(?:[^/?#]+\\.)?z13\\.web\\.core\\.windows\\.net/index\\.html(?:[^%.0-9a-z_-]|$).*","resourceTypes":["main_frame"]},"id":144,"priority":29},
{"action":{"redirect":{"regexSubstitution":"/strictblock.html#\\0"},"type":"redirect"},"condition":{"regexFilter":"^.*\\.life/shopping/item/m.*?/.*","resourceTypes":["main_frame"]},"id":145,"priority":29},
{"action":{"redirect":{"regexSubstitution":"/strictblock.html#\\0"},"type":"redirect"},"condition":{"regexFilter":"^.*\\.php\\?nbvvvsa(?:[^%.0-9a-z_-]|$).*","resourceTypes":["main_frame"]},"id":146,"priority":29},
{"action":{"redirect":{"regexSubstitution":"/strictblock.html#\\0"},"type":"redirect"},"condition":{"regexFilter":"^.*://rakuten-card\\..*?\\.cn/mobile/login\\.php.*","resourceTypes":["main_frame"]},"id":147,"priority":29},
{"action":{"redirect":{"regexSubstitution":"/strictblock.html#\\0"},"type":"redirect"},"condition":{"regexFilter":"^[a-z-]+://(?:[^/?#]+\\.)?web\\.core\\.windows\\.net/.*?security0.*?/index\\.html.*","resourceTypes":["main_frame"]},"id":148,"priority":29},
{"action":{"redirect":{"regexSubstitution":"/strictblock.html#\\0"},"type":"redirect"},"condition":{"regexFilter":"^.*\\.com/shopping/item/m.*?/\\?zenid=.*","resourceTypes":["main_frame"]},"id":149,"priority":29},
{"action":{"redirect":{"regexSubstitution":"/strictblock.html#\\0"},"type":"redirect"},"condition":{"regexFilter":"^.*\\.com/mart/detail/m.*?\\?zenid=.*","resourceTypes":["main_frame"]},"id":150,"priority":29},
{"action":{"redirect":{"regexSubstitution":"/strictblock.html#\\0"},"type":"redirect"},"condition":{"regexFilter":"^.*\\.com/mart/pri/m.*?\\.html\\?zenid=.*","resourceTypes":["main_frame"]},"id":151,"priority":29},
{"action":{"redirect":{"regexSubstitution":"/strictblock.html#\\0"},"type":"redirect"},"condition":{"regexFilter":"^.*\\.top/nc/bbs22\\.php.*","resourceTypes":["main_frame"]},"id":152,"priority":29},
{"action":{"redirect":{"regexSubstitution":"/strictblock.html#\\0"},"type":"redirect"},"condition":{"regexFilter":"^.*\\?bcda=\\(.*","resourceTypes":["main_frame"]},"id":153,"priority":29},
{"action":{"redirect":{"regexSubstitution":"/strictblock.html#\\0"},"type":"redirect"},"condition":{"regexFilter":"^.*/\\?bcda=\\+.*","resourceTypes":["main_frame"]},"id":154,"priority":29},
{"action":{"redirect":{"regexSubstitution":"/strictblock.html#\\0"},"type":"redirect"},"condition":{"regexFilter":"^[a-z-]+://(?:[^/?#]+\\.)?azurestaticapps\\.net/.*?=\\(0101\\)-.*","resourceTypes":["main_frame"]},"id":155,"priority":29},
{"action":{"redirect":{"regexSubstitution":"/strictblock.html#\\0"},"type":"redirect"},"condition":{"regexFilter":"^.*://rakuten\\..*?\\.cn/.*?/login\\.php(?:[^%.0-9a-z_-]|$).*","resourceTypes":["main_frame"]},"id":156,"priority":29},
{"action":{"redirect":{"regexSubstitution":"/strictblock.html#\\0"},"type":"redirect"},"condition":{"regexFilter":"^.*://jp-.*?-.*?\\.s3\\.ap-.*?\\.amazonaws\\.com/.*?-.*?-.*?-.*?-.*?-.*?-.*?/index\\.html.*","resourceTypes":["main_frame"]},"id":157,"priority":29},
{"action":{"redirect":{"regexSubstitution":"/strictblock.html#\\0"},"type":"redirect"},"condition":{"regexFilter":"^.*/\\?start=\\(0101\\)-.*","resourceTypes":["main_frame"]},"id":158,"priority":29},
{"action":{"redirect":{"regexSubstitution":"/strictblock.html#\\0"},"type":"redirect"},"condition":{"regexFilter":"^.*://amzone\\.co\\.jp\\..*","resourceTypes":["main_frame"]},"id":159,"priority":29},
{"action":{"redirect":{"regexSubstitution":"/strictblock.html#\\0"},"type":"redirect"},"condition":{"regexFilter":"^.*/\\?.*?=\\+81\\(050\\)-.*","resourceTypes":["main_frame"]},"id":160,"priority":29},
{"action":{"redirect":{"regexSubstitution":"/strictblock.html#\\0"},"type":"redirect"},"condition":{"regexFilter":"^.*\\?m=000&t=000&ip=.*","resourceTypes":["main_frame"]},"id":161,"priority":29},
{"action":{"redirect":{"regexSubstitution":"/strictblock.html#\\0"},"type":"redirect"},"condition":{"regexFilter":"^.*/g\\?visitorid=.*?&extra_data2=$","resourceTypes":["main_frame"]},"id":162,"priority":29},
{"action":{"redirect":{"regexSubstitution":"/strictblock.html#\\0"},"type":"redirect"},"condition":{"regexFilter":"^[a-z-]+://(?:[^/?#]+\\.)?amplifyapp\\.com/.*?=\\(0101\\)-.*","resourceTypes":["main_frame"]},"id":163,"priority":29},
{"action":{"redirect":{"regexSubstitution":"/strictblock.html#\\0"},"type":"redirect"},"condition":{"regexFilter":"^.*\\.cfd/.*?\\?_t=.*","resourceTypes":["main_frame"]},"id":164,"priority":29},
{"action":{"redirect":{"regexSubstitution":"/strictblock.html#\\0"},"type":"redirect"},"condition":{"regexFilter":"^.*\\.com/ibg/client/.*?\\.php$","resourceTypes":["main_frame"]},"id":165,"priority":29},
{"action":{"redirect":{"regexSubstitution":"/strictblock.html#\\0"},"type":"redirect"},"condition":{"regexFilter":"^.*://tokyodisney\\..*?\\.com/.*?\\?lang=ja(?:[^%.0-9a-z_-]|$).*","resourceTypes":["main_frame"]},"id":166,"priority":29},
{"action":{"redirect":{"regexSubstitution":"/strictblock.html#\\0"},"type":"redirect"},"condition":{"regexFilter":"^.*/\\?type=lp001&afl=.*","resourceTypes":["main_frame"]},"id":167,"priority":29},
{"action":{"redirect":{"regexSubstitution":"/strictblock.html#\\0"},"type":"redirect"},"condition":{"regexFilter":"^.*/\\?wt=.*?&adv=.*","resourceTypes":["main_frame"]},"id":168,"priority":29},
{"action":{"redirect":{"regexSubstitution":"/strictblock.html#\\0"},"type":"redirect"},"condition":{"regexFilter":"^.*\\.xyz/.*?\\.apk$","resourceTypes":["main_frame"]},"id":169,"priority":29},
{"action":{"redirect":{"regexSubstitution":"/strictblock.html#\\0"},"type":"redirect"},"condition":{"regexFilter":"^.*\\.com/chrome\\.apk$","resourceTypes":["main_frame"]},"id":170,"priority":29},
{"action":{"redirect":{"regexSubstitution":"/strictblock.html#\\0"},"type":"redirect"},"condition":{"regexFilter":"^.*n\\.lat/login$","resourceTypes":["main_frame"]},"id":171,"priority":29},
{"action":{"redirect":{"regexSubstitution":"/strictblock.html#\\0"},"type":"redirect"},"condition":{"regexFilter":"^.*\\.cn/auth/login\\.php\\?/realms/msweb/protocol/openid-connect/auth\\?client_id=moneysiteweb&redirect_uri=https://www\\.aeon\\.co\\.jp/.*","resourceTypes":["main_frame"]},"id":172,"priority":29},
{"action":{"redirect":{"regexSubstitution":"/strictblock.html#\\0"},"type":"redirect"},"condition":{"regexFilter":"^.*/\\?phone=\\(0101\\)-.*","resourceTypes":["main_frame"]},"id":173,"priority":29},
{"action":{"redirect":{"regexSubstitution":"/strictblock.html#\\0"},"type":"redirect"},"condition":{"regexFilter":"^.*://.*?\\..*?\\.xyz/jp\\.html(?:[^%.0-9a-z_-]|$).*","resourceTypes":["main_frame"]},"id":174,"priority":29},
{"action":{"redirect":{"regexSubstitution":"/strictblock.html#\\0"},"type":"redirect"},"condition":{"regexFilter":"^.*\\.net/funccode\\.php$","resourceTypes":["main_frame"]},"id":175,"priority":29},
{"action":{"redirect":{"regexSubstitution":"/strictblock.html#\\0"},"type":"redirect"},"condition":{"regexFilter":"^.*\\.com/funccode\\.php$","resourceTypes":["main_frame"]},"id":176,"priority":29},
{"action":{"redirect":{"regexSubstitution":"/strictblock.html#\\0"},"type":"redirect"},"condition":{"regexFilter":"^.*\\.co\\.jp\\..*?\\.com/login$","resourceTypes":["main_frame"]},"id":177,"priority":29},
{"action":{"redirect":{"regexSubstitution":"/strictblock.html#\\0"},"type":"redirect"},"condition":{"regexFilter":"^.*/index\\.php\\?signin=openid\\.pape\\.max_auth_age0&openid\\.return_to=https%3a%2f%2fwww\\.offfffff\\.co\\.jp%2f.*","resourceTypes":["main_frame"]},"id":178,"priority":29},
{"action":{"redirect":{"regexSubstitution":"/strictblock.html#\\0"},"type":"redirect"},"condition":{"regexFilter":"^.*://www\\.eki\\..*?\\..*?\\.com/.*","resourceTypes":["main_frame"]},"id":179,"priority":29},
{"action":{"redirect":{"regexSubstitution":"/strictblock.html#\\0"},"type":"redirect"},"condition":{"regexFilter":"^.*://www\\.etc\\..*?\\..*?\\.com/.*","resourceTypes":["main_frame"]},"id":180,"priority":29},
{"action":{"redirect":{"regexSubstitution":"/strictblock.html#\\0"},"type":"redirect"},"condition":{"regexFilter":"^.*://www\\.etc\\..*?\\..*?\\.club/.*","resourceTypes":["main_frame"]},"id":181,"priority":29},
{"action":{"redirect":{"regexSubstitution":"/strictblock.html#\\0"},"type":"redirect"},"condition":{"regexFilter":"^.*\\.cn/webdesk/www/index\\.php.*","resourceTypes":["main_frame"]},"id":182,"priority":29},
{"action":{"redirect":{"regexSubstitution":"/strictblock.html#\\0"},"type":"redirect"},"condition":{"regexFilter":"^.*://www2\\.etc-.*?\\.com/.*","resourceTypes":["main_frame"]},"id":183,"priority":29},
{"action":{"redirect":{"regexSubstitution":"/strictblock.html#\\0"},"type":"redirect"},"condition":{"regexFilter":"^.*://www2\\.etc-.*?\\.net/.*","resourceTypes":["main_frame"]},"id":184,"priority":29},
{"action":{"redirect":{"regexSubstitution":"/strictblock.html#\\0"},"type":"redirect"},"condition":{"regexFilter":"^.*://www2\\.etc-.*?\\.icu/.*","resourceTypes":["main_frame"]},"id":185,"priority":29},
{"action":{"redirect":{"regexSubstitution":"/strictblock.html#\\0"},"type":"redirect"},"condition":{"regexFilter":"^.*/bin/logincamp\\.php\\?.*","resourceTypes":["main_frame"]},"id":186,"priority":29},
{"action":{"redirect":{"regexSubstitution":"/strictblock.html#\\0"},"type":"redirect"},"condition":{"regexFilter":"^.*\\.com/reg_new(?:[^%.0-9a-z_-]|$).*","resourceTypes":["main_frame"]},"id":187,"priority":29},
{"action":{"redirect":{"regexSubstitution":"/strictblock.html#\\0"},"type":"redirect"},"condition":{"regexFilter":"^.*://one\\..*?/top\\.php(?:[^%.0-9a-z_-]|$).*","resourceTypes":["main_frame"]},"id":188,"priority":29},
{"action":{"redirect":{"regexSubstitution":"/strictblock.html#\\0"},"type":"redirect"},"condition":{"regexFilter":"^.*://two\\..*?/top\\.php(?:[^%.0-9a-z_-]|$).*","resourceTypes":["main_frame"]},"id":189,"priority":29},
{"action":{"redirect":{"regexSubstitution":"/strictblock.html#\\0"},"type":"redirect"},"condition":{"regexFilter":"^.*://thr\\..*?/top\\.php(?:[^%.0-9a-z_-]|$).*","resourceTypes":["main_frame"]},"id":190,"priority":29},
{"action":{"redirect":{"regexSubstitution":"/strictblock.html#\\0"},"type":"redirect"},"condition":{"regexFilter":"^.*://fou\\..*?/top\\.php(?:[^%.0-9a-z_-]|$).*","resourceTypes":["main_frame"]},"id":191,"priority":29},
{"action":{"redirect":{"regexSubstitution":"/strictblock.html#\\0"},"type":"redirect"},"condition":{"regexFilter":"^.*://fiv\\..*?/top\\.php(?:[^%.0-9a-z_-]|$).*","resourceTypes":["main_frame"]},"id":192,"priority":29},
{"action":{"redirect":{"regexSubstitution":"/strictblock.html#\\0"},"type":"redirect"},"condition":{"regexFilter":"^.*://six\\..*?/top\\.php(?:[^%.0-9a-z_-]|$).*","resourceTypes":["main_frame"]},"id":193,"priority":29},
{"action":{"redirect":{"regexSubstitution":"/strictblock.html#\\0"},"type":"redirect"},"condition":{"regexFilter":"^.*://sev\\..*?/top\\.php(?:[^%.0-9a-z_-]|$).*","resourceTypes":["main_frame"]},"id":194,"priority":29},
{"action":{"redirect":{"regexSubstitution":"/strictblock.html#\\0"},"type":"redirect"},"condition":{"regexFilter":"^.*://red\\..*?/top\\.php(?:[^%.0-9a-z_-]|$).*","resourceTypes":["main_frame"]},"id":195,"priority":29},
{"action":{"redirect":{"regexSubstitution":"/strictblock.html#\\0"},"type":"redirect"},"condition":{"regexFilter":"^.*://ora\\..*?/top\\.php(?:[^%.0-9a-z_-]|$).*","resourceTypes":["main_frame"]},"id":196,"priority":29},
{"action":{"redirect":{"regexSubstitution":"/strictblock.html#\\0"},"type":"redirect"},"condition":{"regexFilter":"^.*://yel\\..*?/top\\.php(?:[^%.0-9a-z_-]|$).*","resourceTypes":["main_frame"]},"id":197,"priority":29},
{"action":{"redirect":{"regexSubstitution":"/strictblock.html#\\0"},"type":"redirect"},"condition":{"regexFilter":"^.*://gre\\..*?/top\\.php(?:[^%.0-9a-z_-]|$).*","resourceTypes":["main_frame"]},"id":198,"priority":29},
{"action":{"redirect":{"regexSubstitution":"/strictblock.html#\\0"},"type":"redirect"},"condition":{"regexFilter":"^.*://blu\\..*?/top\\.php(?:[^%.0-9a-z_-]|$).*","resourceTypes":["main_frame"]},"id":199,"priority":29},
{"action":{"redirect":{"regexSubstitution":"/strictblock.html#\\0"},"type":"redirect"},"condition":{"regexFilter":"^.*://vio\\..*?/top\\.php(?:[^%.0-9a-z_-]|$).*","resourceTypes":["main_frame"]},"id":200,"priority":29},
{"action":{"redirect":{"regexSubstitution":"/strictblock.html#\\0"},"type":"redirect"},"condition":{"regexFilter":"^.*://pur\\..*?/top\\.php(?:[^%.0-9a-z_-]|$).*","resourceTypes":["main_frame"]},"id":201,"priority":29},
{"action":{"redirect":{"regexSubstitution":"/strictblock.html#\\0"},"type":"redirect"},"condition":{"regexFilter":"^.*://whi\\..*?/top\\.php(?:[^%.0-9a-z_-]|$).*","resourceTypes":["main_frame"]},"id":202,"priority":29},
{"action":{"redirect":{"regexSubstitution":"/strictblock.html#\\0"},"type":"redirect"},"condition":{"regexFilter":"^.*://bla\\..*?/top\\.php(?:[^%.0-9a-z_-]|$).*","resourceTypes":["main_frame"]},"id":203,"priority":29},
{"action":{"redirect":{"regexSubstitution":"/strictblock.html#\\0"},"type":"redirect"},"condition":{"regexFilter":"^.*/member/sendmail\\.php\\?direct_user_cd=.*?&direct_password=.*","resourceTypes":["main_frame"]},"id":204,"priority":29},
{"action":{"redirect":{"regexSubstitution":"/strictblock.html#\\0"},"type":"redirect"},"condition":{"regexFilter":"^http://.*?/j/mmenu\\.php.*","resourceTypes":["main_frame"]},"id":205,"priority":29},
{"action":{"redirect":{"regexSubstitution":"/strictblock.html#\\0"},"type":"redirect"},"condition":{"regexFilter":"^.*\\.com/category/.*?\\?coll_id=.*","resourceTypes":["main_frame"]},"id":206,"priority":29},
{"action":{"redirect":{"regexSubstitution":"/strictblock.html#\\0"},"type":"redirect"},"condition":{"regexFilter":"^.*\\.com/detail/.*?==\\.html\\?coll_id=.*","resourceTypes":["main_frame"]},"id":207,"priority":29},
{"action":{"redirect":{"regexSubstitution":"/strictblock.html#\\0"},"type":"redirect"},"condition":{"regexFilter":"^.*\\.com/index/category\\?category_id=.*?&coll_id=.*","resourceTypes":["main_frame"]},"id":208,"priority":29},
{"action":{"redirect":{"regexSubstitution":"/strictblock.html#\\0"},"type":"redirect"},"condition":{"regexFilter":"^.*\\.top/index/detail\\.html\\?sno=.*","resourceTypes":["main_frame"]},"id":209,"priority":29},
{"action":{"redirect":{"regexSubstitution":"/strictblock.html#\\0"},"type":"redirect"},"condition":{"regexFilter":"^.*\\.com/index/detail\\.html\\?sno=.*","resourceTypes":["main_frame"]},"id":210,"priority":29},
{"action":{"redirect":{"regexSubstitution":"/strictblock.html#\\0"},"type":"redirect"},"condition":{"regexFilter":"^.*/\\?phone=\\(050\\)-.*","resourceTypes":["main_frame"]},"id":211,"priority":29},
{"action":{"redirect":{"regexSubstitution":"/strictblock.html#\\0"},"type":"redirect"},"condition":{"regexFilter":"^.*(?:[^%.0-9a-z_-]|$)phone=050-.*","resourceTypes":["main_frame"]},"id":212,"priority":29},
{"action":{"redirect":{"regexSubstitution":"/strictblock.html#\\0"},"type":"redirect"},"condition":{"regexFilter":"^.*/\\?type=adult&adcode=.*","resourceTypes":["main_frame"]},"id":213,"priority":29},
{"action":{"redirect":{"regexSubstitution":"/strictblock.html#\\0"},"type":"redirect"},"condition":{"regexFilter":"^.*/\\?type=female1$","resourceTypes":["main_frame"]},"id":214,"priority":29},
{"action":{"redirect":{"regexSubstitution":"/strictblock.html#\\0"},"type":"redirect"},"condition":{"regexFilter":"^.*/\\?type=female2$","resourceTypes":["main_frame"]},"id":215,"priority":29},
{"action":{"redirect":{"regexSubstitution":"/strictblock.html#\\0"},"type":"redirect"},"condition":{"regexFilter":"^.*/\\?type=female3$","resourceTypes":["main_frame"]},"id":216,"priority":29},
{"action":{"redirect":{"regexSubstitution":"/strictblock.html#\\0"},"type":"redirect"},"condition":{"regexFilter":"^.*/\\?type=female4$","resourceTypes":["main_frame"]},"id":217,"priority":29},
{"action":{"redirect":{"regexSubstitution":"/strictblock.html#\\0"},"type":"redirect"},"condition":{"regexFilter":"^.*/\\?type=female5$","resourceTypes":["main_frame"]},"id":218,"priority":29},
{"action":{"redirect":{"regexSubstitution":"/strictblock.html#\\0"},"type":"redirect"},"condition":{"regexFilter":"^.*/lps/index\\?ad_cd=.*?&lp_cd=.*","resourceTypes":["main_frame"]},"id":219,"priority":29},
{"action":{"redirect":{"regexSubstitution":"/strictblock.html#\\0"},"type":"redirect"},"condition":{"regexFilter":"^http://.*?/log_index\\.php.*","resourceTypes":["main_frame"]},"id":220,"priority":29},
{"action":{"redirect":{"regexSubstitution":"/strictblock.html#\\0"},"type":"redirect"},"condition":{"regexFilter":"^.*/regist_execute\\.html.*","resourceTypes":["main_frame"]},"id":221,"priority":29},
{"action":{"redirect":{"regexSubstitution":"/strictblock.html#\\0"},"type":"redirect"},"condition":{"regexFilter":"^.*/step1\\.php\\?msg=.*?&cnv=.*?&cnt=.*","resourceTypes":["main_frame"]},"id":222,"priority":29},
{"action":{"redirect":{"regexSubstitution":"/strictblock.html#\\0"},"type":"redirect"},"condition":{"regexFilter":"^.*/index\\.php\\?cpno=.*","resourceTypes":["main_frame"]},"id":223,"priority":29},
{"action":{"redirect":{"regexSubstitution":"/strictblock.html#\\0"},"type":"redirect"},"condition":{"regexFilter":"^.*/ec2_index\\.html\\?cpno=.*","resourceTypes":["main_frame"]},"id":224,"priority":29},
{"action":{"redirect":{"regexSubstitution":"/strictblock.html#\\0"},"type":"redirect"},"condition":{"regexFilter":"^.*/ec2_result\\.html\\?cpno=.*","resourceTypes":["main_frame"]},"id":225,"priority":29},
{"action":{"redirect":{"regexSubstitution":"/strictblock.html#\\0"},"type":"redirect"},"condition":{"regexFilter":"^.*_ap/signin.*?\\?_encoding=utf8&openid\\.assoc_handle=jpflex&openid\\.claimed_id=&action=sign-in&path=home&ref_=nav_account&signin=1&useredirectonsuccess=1$","resourceTypes":["main_frame"]},"id":226,"priority":29},
{"action":{"redirect":{"regexSubstitution":"/strictblock.html#\\0"},"type":"redirect"},"condition":{"regexFilter":"^.*\\.com/regist\\.php\\?step=.*?&cp=.*","resourceTypes":["main_frame"]},"id":227,"priority":29},
{"action":{"redirect":{"regexSubstitution":"/strictblock.html#\\0"},"type":"redirect"},"condition":{"regexFilter":"^.*\\.com/regist\\.php\\?.*?/1$","resourceTypes":["main_frame"]},"id":228,"priority":29},
{"action":{"redirect":{"regexSubstitution":"/strictblock.html#\\0"},"type":"redirect"},"condition":{"regexFilter":"^.*://eki.*?\\..*?\\.com/personal/member/login/index\\.php\\?onetimeaccessid=.*","resourceTypes":["main_frame"]},"id":229,"priority":29},
{"action":{"redirect":{"regexSubstitution":"/strictblock.html#\\0"},"type":"redirect"},"condition":{"regexFilter":"^.*\\.com/ae/login\\.php\\?openid\\.pape\\.max_auth_age=0&openid\\.return_to=%.*","resourceTypes":["main_frame"]},"id":230,"priority":29},
{"action":{"redirect":{"regexSubstitution":"/strictblock.html#\\0"},"type":"redirect"},"condition":{"excludedRequestDomains":["eki-net.com"],"regexFilter":"^.*://www\\.eki-net\\..*?\\.com/.*","resourceTypes":["main_frame"]},"id":231,"priority":29},
{"action":{"redirect":{"regexSubstitution":"/strictblock.html#\\0"},"type":"redirect"},"condition":{"regexFilter":"^[a-z-]+://(?:[^/?#]+\\.)?dialyblog\\.com/gooddeai/.*","resourceTypes":["main_frame"]},"id":232,"priority":29},
{"action":{"redirect":{"regexSubstitution":"/strictblock.html#\\0"},"type":"redirect"},"condition":{"regexFilter":"^[a-z-]+://(?:[^/?#]+\\.)?sites\\.google\\.com/view/8loomy-love/halaman-muka.*","resourceTypes":["main_frame"]},"id":233,"priority":29},
{"action":{"redirect":{"regexSubstitution":"/strictblock.html#\\0"},"type":"redirect"},"condition":{"regexFilter":"^[a-z-]+://(?:[^/?#]+\\.)?blob\\.core\\.windows\\.net/.*?/xdsxwrxxokisawachjp/index\\.html.*","resourceTypes":["main_frame"]},"id":234,"priority":29},
{"action":{"redirect":{"regexSubstitution":"/strictblock.html#\\0"},"type":"redirect"},"condition":{"regexFilter":"^[a-z-]+://(?:[^/?#]+\\.)?52\\.25\\.25\\.125/img\\.php\\?adid=.*","resourceTypes":["main_frame"]},"id":235,"priority":29}
]
