[
{
 "action": {
  "redirect": {
   "regexSubstitution": "/strictblock.html#\\0"
  },
  "type": "redirect"
 },
 "condition": {
  "regexFilter": "^https?://.*",
  "requestDomains": [
   "2mdn.net",
   "3lift.com",
   "a.applvn.com",
   "acache.ilbe.com",
   "acceptable.a-ads.com",
   "action.adoffice.11st.co.kr",
   "ad-api.band.us",
   "ad-api.enuri.info",
   "ad-brix.com",
   "ad-creative.pstatic.net",
   "ad-files.classting.com",
   "ad-img.ebaykorea.com",
   "ad-insight.sellermill.com",
   "ad-mapps.com",
   "ad-pulse.kakaobank.cloud",
   "ad-script.viewus.co.kr",
   "ad.3dpop.kr",
   "ad.a-ads.com",
   "ad.about.co.kr",
   "ad.aceplanet.co.kr",
   "ad.adinc.kr",
   "ad.adjw.co.kr",
   "ad.admine.co.kr",
   "ad.adnmore.co.kr",
   "ad.adwiser.kr",
   "ad.ajitad.co.kr",
   "ad.api.adwiser.kr",
   "ad.ari.skt-jive.com",
   "ad.auction.co.kr",
   "ad.bidrich.com",
   "ad.buzzvil.com",
   "ad.cashdoc.io",
   "ad.cauly.co.kr",
   "ad.cgv.co.kr",
   "ad.ciokorea.com",
   "ad.cyycoy.com",
   "ad.danawa.com",
   "ad.daum.net",
   "ad.doorigo.co.kr",
   "ad.doubleclick.net",
   "ad.doyouad.com",
   "ad.esmplus.com",
   "ad.everytime.kr",
   "ad.feedbag.co.kr",
   "ad.hankookilbo.com",
   "ad.idnad.co.kr",
   "ad.ilbe.com",
   "ad.ilikesponsorad.com",
   "ad.imp.joins.com",
   "ad.kakaobank.com",
   "ad.khan.co.kr",
   "ad.kmib.co.kr",
   "ad.linkprice.com",
   "ad.mediafarm.co.kr",
   "ad.mediamixer.co.kr",
   "ad.mojisead.co.kr",
   "ad.mrab.co.kr",
   "ad.newspim.com",
   "ad.phaserep.com",
   "ad.planbplus.co.kr",
   "ad.pping.kr",
   "ad.qanda.ai",
   "ad.reople.co.kr",
   "ad.search.nate.com",
   "ad.smartinmedia.co.kr",
   "ad.smartmediarep.com",
   "ad.themedianw.com",
   "ad.tjtune.com",
   "ad.tpmn.co.kr",
   "ad.tpmn.io",
   "ad.viewus.co.kr",
   "ad.yna.co.kr",
   "ad.yonhapnews.co.kr",
   "ad.zumst.com",
   "ad1.missyusa.com",
   "ad1.sportschosun.com",
   "ad2.mimint.co.kr",
   "ad4989.co.kr",
   "ad5.koreadaily.com",
   "adad.z00.kr",
   "adapi.about.co.kr",
   "adballoon.sooplive.co.kr",
   "adbc.io",
   "adbinead.com",
   "adc.ohmynews.com",
   "adcastmarket.com",
   "adcdn.gamemeca.com",
   "adcenter-api.cashwalk.co",
   "adcheck.about.co.kr",
   "adcr.naver.com",
   "addb.interpark.com",
   "addc.dcinside.com",
   "adex.ednplus.com",
   "adfork.co.kr",
   "adg.dawin.tv",
   "adgirl.yes24.com",
   "adimage.hankookilbo.com",
   "adimg.cgv.co.kr",
   "adimg.nate.com",
   "adimg.newdaily.co.kr",
   "adinc.co.kr",
   "adlooxtracking.com",
   "adm.smartmediarep.com",
   "admanmedia.com",
   "admaru.net",
   "admax.me",
   "admixer.co.kr",
   "admize.io",
   "admonseller.com",
   "adpacker.net",
   "adplex.co.kr",
   "adpnut.com",
   "adpopcorn.com",
   "adreal.dt.co.kr",
   "adrop.io",
   "ads-api.kidsnote.com",
   "ads-partners.coupang.com",
   "ads-twitter.com",
   "ads.aceplanet.co.kr",
   "ads.adaptv.advertising.com",
   "ads.admaru.com",
   "ads.adoffice.11st.co.kr",
   "ads.ahnlab.com",
   "ads.betweendigital.com",
   "ads.gamemeca.com",
   "ads.imbc.com",
   "ads.inven.co.kr",
   "ads.kmib.co.kr",
   "ads.mncmedia.co.kr",
   "ads.mobitree.co.kr",
   "ads.motorgraph.com",
   "ads.mtgroup.kr",
   "ads.orbi.kr",
   "ads.priel.co.kr",
   "ads.quanta.la",
   "ads.sportsseoul.com",
   "ads.stickyadstv.com",
   "ads.tapzin.com",
   "ads.uwayapply.com",
   "adscdn.orbi.kr",
   "adserver.joseilbo.com",
   "adservice.google.com",
   "adservice.hani.co.kr",
   "adservice.sbs.co.kr",
   "adsmrapi.imbc.com",
   "adsrv-up.mcrony.com",
   "adsrvr.org",
   "aduniv.nesin.com",
   "adv.bandi.so",
   "adv.dailyissue.co.kr",
   "adv.imadrep.co.kr",
   "adv.khan.co.kr",
   "adv.zdnet.co.kr",
   "advod.sbs.co.kr",
   "adw.gomtv.com",
   "adw.heraldm.com",
   "adx-exchange.toast.com",
   "adx.mocoplex.com",
   "adx.turl.co.kr",
   "adxadserv.com",
   "adxcorp.kr",
   "adxr.zum.com",
   "adxv.zum.com",
   "ahnlabad.com",
   "amazon-adsystem.com",
   "amp.diningcode.com",
   "andbeyond.media",
   "aniview.com",
   "api-ao-list.adison.co",
   "api.botad.kr",
   "api.ezadsystem.com",
   "api.greenp.kr",
   "api.linkmine.co.kr",
   "api.valista.io",
   "applovin.com",
   "appmon.shinhan.com",
   "aproxy-next.tving.com",
   "aproxylog-next.tving.com",
   "arm.c.appier.net",
   "awd.spochak.com",
   "banners.cams.com",
   "bestcontentitem.top",
   "bidr.io",
   "bidswitch.net",
   "bizspring.net",
   "bridgelabs.kr",
   "catad5959.com",
   "categorysort.com",
   "cdn.nhnace.com",
   "cdndn.3dpop.kr",
   "centaurs-rest.coupang.com",
   "cf-eba.everytime.kr",
   "cizion.com",
   "clickmon.co.kr",
   "compass.adop.cc",
   "contentcave.co.kr",
   "contentsfeed.com",
   "contextweb.com",
   "cp.edl.co.kr",
   "cpa.greenp.kr",
   "criteo.net",
   "cyad.nate.com",
   "cyad1.nate.com",
   "d.applvn.com",
   "d1ap9gbbf77h85.cloudfront.net",
   "d1cykymlllue3h.cloudfront.net",
   "d23poh9wsma6va.cloudfront.net",
   "dable.io",
   "dadispapi.auction.co.kr",
   "daimg.encar.com",
   "daro.so",
   "deapi.sooplive.co.kr",
   "deepdive.zum.com",
   "deployads.com",
   "dhgywazgeek0d.cloudfront.net",
   "displayad.lotteon.com",
   "displayad.zum.com",
   "displayadimg.zumst.com",
   "dmxleo.dailymotion.com",
   "dnzedhceh7nim.cloudfront.net",
   "ds.11st.co.kr",
   "epnt.ebay.com",
   "exelbid.com",
   "external-api.impression-neo.naver.com",
   "fastview.co.kr",
   "finead.o00.kr",
   "g.doubleclick.net",
   "googleadservices.com",
   "googletagservices.com",
   "gwx.adnext.co",
   "hancomad.com",
   "i.keezip.com",
   "i18n-pglstatp.com",
   "iadsdk.apple.com",
   "image.cauly.co.kr",
   "imasdk.googleapis.com",
   "img.side.mythiell.com",
   "imgnewad.ytn.co.kr",
   "infolinks.com",
   "innity.net",
   "innorame.com",
   "interworksmedia.co.kr",
   "io.smartmyd.com",
   "js.newsmobile.co.kr",
   "kitweb.tadapi.info",
   "kodcad.kr",
   "koreanzad.xyz",
   "live.primis.tech",
   "md.r114.co.kr",
   "mediabp.kr",
   "mediacategory.com",
   "mediavisor.doubleclick.net",
   "megadata.co.kr",
   "mini.m-able.app",
   "minishop.linkprice.com",
   "mman.kr",
   "mmnneo.com",
   "mobon.net",
   "mobwithad.com",
   "ms.applvn.com",
   "msadsense.com",
   "n4403ad.doubleclick.net",
   "nad.tf.co.kr",
   "naverpa-phinf.pstatic.net",
   "ndexww.com",
   "nefing.com",
   "net.rayjump.com",
   "netinsight.co.kr",
   "networkad.nate.com",
   "newscover.co.kr",
   "nkwadv.nate.com",
   "nsmartad.com",
   "ntkimg.cloud",
   "nvapi.feeldmc.com",
   "optad360.io",
   "pagead2.googlesyndication.com",
   "piclick.kr",
   "planad.net",
   "pltapad.com",
   "powerclick.about.co.kr",
   "poweredby.jads.co",
   "pub.tvads.co.kr",
   "rainbownine.net",
   "realclick.co.kr",
   "realssp.co.kr",
   "recoshopping.naver.com",
   "reqde.sooplive.co.kr",
   "safeframe.googlesyndication.com",
   "screen.buzzvil.com",
   "search-ads-api.joongna.com",
   "searchad-phinf.pstatic.net",
   "serv.ds.kakao.com",
   "shoppingbox.zum.com",
   "shoppingcall.me",
   "shopsquare.naver.com",
   "shukriya90.com",
   "simg.imadrep.co.kr",
   "sitescout.com",
   "skt-asum.com",
   "splash-ad.classting.com",
   "ssp.meba.kr",
   "static.bidrich.com",
   "static.doubleclick.net",
   "static.tpmn.co.kr",
   "stream.spongead.com",
   "supersonicads.com",
   "sv.govkorea24.com",
   "taboola.com",
   "tads.tenping.kr",
   "tae.middlepoint.co.kr",
   "tagtree.co.kr",
   "tapioni.com",
   "targetpush.co.kr",
   "teads.tv",
   "tivan.naver.com",
   "tnkad.net",
   "tpc.googlesyndication.com",
   "tracker.digitalcamp.co.kr",
   "trafficforce.com",
   "tsyndicate.com",
   "ttse.b-cdn.net",
   "tvetamovie.pstatic.net",
   "undertone.com",
   "unityads.unity3d.com",
   "veta.naver.com",
   "vntsm.com",
   "vrixon.com",
   "vungle.com",
   "wmars-client.wemakeprice.com",
   "worker.gsr-ads.co.kr",
   "wtg-ads.com",
   "wwwads.seoul.co.kr",
   "xconf.cauly.co.kr",
   "xdsp.snadx.com",
   "xlviirdr.com",
   "xn--s-4z5e652a53k.com",
   "z.o00.kr"
  ],
  "resourceTypes": [
   "main_frame"
  ]
 },
 "id": 1,
 "priority": 29
},
{
 "action": {
  "redirect": {
   "regexSubstitution": "/strictblock.html#\\0"
  },
  "type": "redirect"
 },
 "condition": {
  "regexFilter": "^[a-z-]+://(?:[^/?#]+\\.)?go\\.bandisoft\\.com/coupang\\.bandizip$",
  "resourceTypes": [
   "main_frame"
  ]
 },
 "id": 2,
 "priority": 29
},
{
 "action": {
  "redirect": {
   "regexSubstitution": "/strictblock.html#\\0"
  },
  "type": "redirect"
 },
 "condition": {
  "regexFilter": "^[a-z-]+://(?:[^/?#]+\\.)?mjmedi\\.com/bannerpop/popup\\.html.*",
  "resourceTypes": [
   "main_frame"
  ]
 },
 "id": 3,
 "priority": 29
},
{
 "action": {
  "redirect": {
   "regexSubstitution": "/strictblock.html#\\0"
  },
  "type": "redirect"
 },
 "condition": {
  "regexFilter": "^[a-z-]+://(?:[^/?#]+\\.)?playwares\\.com/api/redirectad\\.php.*",
  "resourceTypes": [
   "main_frame"
  ]
 },
 "id": 4,
 "priority": 29
},
{
 "action": {
  "redirect": {
   "regexSubstitution": "/strictblock.html#\\0"
  },
  "type": "redirect"
 },
 "condition": {
  "regexFilter": "^[a-z-]+://(?:[^/?#]+\\.)?cultureland\\.co\\.kr/etc/main_ad_.*",
  "resourceTypes": [
   "main_frame"
  ]
 },
 "id": 5,
 "priority": 29
},
{
 "action": {
  "redirect": {
   "regexSubstitution": "/strictblock.html#\\0"
  },
  "type": "redirect"
 },
 "condition": {
  "regexFilter": "^[a-z-]+://(?:[^/?#]+\\.)?ppomppu\\.co\\.kr/inform_ad_click\\.php.*",
  "resourceTypes": [
   "main_frame"
  ]
 },
 "id": 6,
 "priority": 29
},
{
 "action": {
  "redirect": {
   "regexSubstitution": "/strictblock.html#\\0"
  },
  "type": "redirect"
 },
 "condition": {
  "regexFilter": "^[a-z-]+://(?:[^/?#]+\\.)?prod\\.danawa\\.com/bridge/loadingbridgepowerclick\\.php.*",
  "resourceTypes": [
   "main_frame"
  ]
 },
 "id": 7,
 "priority": 29
},
{
 "action": {
  "redirect": {
   "regexSubstitution": "/strictblock.html#\\0"
  },
  "type": "redirect"
 },
 "condition": {
  "regexFilter": "^[a-z-]+://(?:[^/?#]+\\.)?news\\.imaeil\\.com/wcms_ad\\.php.*",
  "resourceTypes": [
   "main_frame"
  ]
 },
 "id": 8,
 "priority": 29
},
{
 "action": {
  "redirect": {
   "regexSubstitution": "/strictblock.html#\\0"
  },
  "type": "redirect"
 },
 "condition": {
  "regexFilter": "^[a-z-]+://(?:[^/?#]+\\.)?bodnara\\.co\\.kr/advert/click\\.php.*",
  "resourceTypes": [
   "main_frame"
  ]
 },
 "id": 9,
 "priority": 29
},
{
 "action": {
  "redirect": {
   "regexSubstitution": "/strictblock.html#\\0"
  },
  "type": "redirect"
 },
 "condition": {
  "regexFilter": "^[a-z-]+://(?:[^/?#]+\\.)?dothome\\.co\\.kr/ad/ad_windowsforum\\.php.*",
  "resourceTypes": [
   "main_frame"
  ]
 },
 "id": 10,
 "priority": 29
}
]
