[
{
 "action": {
  "redirect": {
   "regexSubstitution": "/strictblock.html#\\0"
  },
  "type": "redirect"
 },
 "condition": {
  "regexFilter": "^https?://.*",
  "requestDomains": [
   "2stat.net",
   "a.pikabu.ru",
   "a.ria.ru",
   "a.sepyra.com",
   "a1.api.bbc.co.uk",
   "adfstat.yandex.ru",
   "adlog.com.com",
   "affilate.hh.ru",
   "amc.yandex.ru",
   "analytics.fontanka.ru",
   "analytics.goha.info",
   "analytics.hencdn.top",
   "analytics.sports.ru",
   "analytics.tiktok.com",
   "banstat.nadavi.net",
   "c.bigmir.net",
   "c.cnstats.ru",
   "c.compete.com",
   "c.imrk.net",
   "c.index.ru",
   "c.microsoft.com",
   "c.sibnet.ru",
   "c.uarating.com",
   "c1hit.tut.by",
   "chronos.vl.ru",
   "clickov.com",
   "clicks.moy.su",
   "collector.roistat.com",
   "counter.nv.ua",
   "counter24.luxnet.ua",
   "counters.gigya.com",
   "crm-tracker.liga.net",
   "csi.gstatic.com",
   "cvt1.sibnet.ru",
   "d1ros97qkrwjf5.cloudfront.net",
   "d31j93rd8oukbv.cloudfront.net",
   "d31qbv1cthcecs.cloudfront.net",
   "d31xqmzex8ubh8.cloudfront.net",
   "d3qxef4rp70elm.cloudfront.net",
   "d7d3cf2e81d293050033-3dfc0615b0fd7b49143049256703bfce.ssl.cf1.rackcdn.com",
   "dnn506yrbagrg.cloudfront.net",
   "du4rq1xqh3i1k.cloudfront.net",
   "dw.com.com",
   "eye.inforotor.ru",
   "geo.mozilla.org",
   "geo.yahoo.com",
   "geoiplookup.wikimedia.org",
   "go.freeanalyzer.ru",
   "hc.uralweb.ru",
   "hiddenjs.ru",
   "hit.meta.ua",
   "informer.sepyra.com",
   "jitsu.ixbt.com",
   "jitsu.ixbt.site",
   "log.dzen.ru",
   "log.krs-ix.ru",
   "log.optimizely.com",
   "lstats.qip.ru",
   "mc.webvisor.org",
   "mc.yandex.com",
   "mc.yandex.ru",
   "metrics.aviasales.ru",
   "metrika.myseldon.com",
   "mtp.spaces.im",
   "mtp.spaces.ru",
   "mtp.spcs.me",
   "ok.mail.ru",
   "pa.tns-ua.com",
   "pi.feedsportal.com",
   "pixel.everesttech.net",
   "pixel.mathtag.com",
   "promodity.appspot.com",
   "pulse.aviasales.ru",
   "r.msn.com",
   "rcounter.rambler.ru",
   "referrer.disqus.com",
   "rtstat.api.rt.com",
   "s.agava.ru",
   "s.youtube.com",
   "s2.youtube.com",
   "scnt.rambler.ru",
   "snippets-stats.mozilla.org",
   "spring-tns.net",
   "stat-api-yndx.cloud.gismeteo.net",
   "stat-api.gismeteo.net",
   "stat-api.meteofor.com",
   "stat.5-tv.ru",
   "stat.adlabs.ru",
   "stat.eagleplatform.com",
   "stat.net.ixbt.com",
   "stat1.ukr.net",
   "static-trackers.adtarget.me",
   "stats.1internet.tv",
   "stats.g.doubleclick.net",
   "stats.indextools.com",
   "stats.internet-yadro.com",
   "stats.mos.ru",
   "stats.qmerce.com",
   "stats.seedr.ru",
   "stats.wordpress.com",
   "stts.rbc.ru",
   "t.delfi.ee",
   "t.sports.ru",
   "target.ukr.net",
   "telemetry.dzen.ru",
   "tpc.googlesyndication.com",
   "tr.gerkon.eu",
   "track.fabrikaonline.ru",
   "track.hubrus.com",
   "track.rtb-media.ru",
   "track.tproger.ru",
   "tracking.eurosport.com",
   "tracking.olx-st.com",
   "uaas.yandex.ru",
   "ucounter.ucoz.net",
   "webvitals.luxnet.ua",
   "yast.rutube.ru"
  ],
  "resourceTypes": [
   "main_frame"
  ]
 },
 "id": 1,
 "priority": 29
}
]
