[
{
 "action": {
  "redirect": {
   "regexSubstitution": "/strictblock.html#\\0"
  },
  "type": "redirect"
 },
 "condition": {
  "regexFilter": "^https?://.*",
  "requestDomains": [
   "184.106.248.76",
   "ad-pub.terra.com.br",
   "ad.correioweb.com.br",
   "ad.terra.com",
   "ad.terra.com.mx",
   "adclient-uol.lp.uol.com.br",
   "adme2.click",
   "ads-redis.ecn.cl",
   "ads.elpais.com.uy",
   "ads.enrt.eu",
   "ads.gamavirtual.com",
   "ads.gazetaesportiva.net",
   "ads.impulsosocial.online",
   "ads.lomadee.com",
   "ads.mercadoclics.com",
   "ads.olx.com",
   "ads.periodistadigital.com",
   "ads.regiedepub.com",
   "ads.terra.es",
   "ads.tvtuga.com",
   "ads.webme.com",
   "ads.xl.pt",
   "adspublicidades.agency",
   "adsroute.com",
   "adv.r7.com",
   "adw.sapo.pt",
   "adzep.io",
   "adzonestatic.com",
   "analytic.337.com",
   "anunciospatrocinados.com",
   "banners.emol.com",
   "banners.inforchannel.com.br",
   "banners.todoconsolas.com",
   "bowedcounty.com",
   "bserver.gp-guia.net",
   "byfoongusor.com",
   "cdn-4k-webp.site",
   "ceremonyjogglecling.com",
   "classic-bonus.com",
   "clicks.abril.com.br",
   "compras.periodistadigital.com",
   "crummydevioussucculent.com",
   "eru5tdmbuwxm.com",
   "estadisticas.lanacion.com.ar",
   "estaticos.soitu.es",
   "flogs.orange.es",
   "gyh1lh20owj.ru",
   "hilariouszinc.com",
   "impreso.elfinanciero.com.mx",
   "jogoforte.com",
   "landings.hopghpfa.com",
   "landings.zcoptry.com",
   "mathilde-ads.com",
   "navdmp.com",
   "p.lasexta.com",
   "parceria.americanas.com.br",
   "ppi.terra.com.br",
   "pub.lacuerda.net",
   "publi.atresmediapublicidad.com",
   "publi.elliberal.com.ar",
   "publicidad.net",
   "publipagos.com",
   "publyads.jstag.space",
   "pubs.xl.pt",
   "softclick.com.br",
   "solution911.com",
   "stats.folha.com.br",
   "stats.milenio.com",
   "subdo.torrentrapid.com",
   "t.babelmedia.global",
   "track.es.sitebro.net",
   "upeex.com",
   "upeex.com.br",
   "uv.terra.com.br",
   "v2b.nucleo.online",
   "vitrine.lugarcerto.com.br",
   "vitrines.globo.com",
   "widgets.informars.com",
   "xad.dnoticias.pt",
   "zahir2.aeiou.pt",
   "zahirx.aeiou.pt",
   "zcp.zwame.pt"
  ],
  "resourceTypes": [
   "main_frame"
  ]
 },
 "id": 1,
 "priority": 29
}
]
