[
{
 "action": {
  "redirect": {
   "regexSubstitution": "/strictblock.html#\\0"
  },
  "type": "redirect"
 },
 "condition": {
  "regexFilter": "^https?://.*",
  "requestDomains": [
   "a.doganburda.com",
   "ad.dline.com.tr",
   "ad.donanimhaber.com",
   "ad.hepsiburada.com",
   "ad.ntvmsnbc.com",
   "ad.reklm.com",
   "ad.reyazilim.com",
   "ad.sacitaslan.com",
   "ad.setrowid.com",
   "ad.webservis.gen.tr",
   "ad.yemeksepeti.com",
   "adbreak.net",
   "addata.exxen.com",
   "adl.mynetreklam.com",
   "adn.bursadabugun.com",
   "ads.dogusdigital.com",
   "ads.dygdigital.com",
   "ads.gencgazete.net",
   "ads.gercekgundem.com",
   "ads.igfhaber.com",
   "ads.inegolonline.com",
   "ads.macsonuclari.mobi",
   "ads.motosiklet.net",
   "ads.nexage.com",
   "ads.oyungemisi.com",
   "ads.pivol.net",
   "ads.sondakika.com",
   "ads724.com",
   "adsby.io",
   "adserve.donanimhaber.com",
   "adserver.a24.com.tr",
   "adserver.bafrahaber.com",
   "adsmanagement.atamedyagrubu.com",
   "adsp.ciner.com.tr",
   "adsp.haberturk.com",
   "aggravatingoil.com",
   "ahatm12od.top",
   "ahatm8od.top",
   "alty.fun",
   "androidads23.adcolony.com",
   "approximatedriver.com",
   "apptospace.com",
   "atdogan.site",
   "azelvid.com",
   "baglanbize.net",
   "banner.kanald.com.tr",
   "banner.setrowid.com",
   "banners.tempobet.com",
   "bitcasino365.b-cdn.net",
   "campaign.nmobs.com",
   "cdn.cdnhipter.xyz",
   "cdn.eksiup.com",
   "clbanners9.com",
   "d1d8vn0fpluuz7.cloudfront.net",
   "d2pspvbdjxwkpo.cloudfront.net",
   "d8c5y8fq3znwi.cloudfront.net",
   "diken.xyz",
   "dizimax2.com",
   "diziwatchpreroll.pages.dev",
   "dolarkurum.com",
   "dontmakethem.club",
   "ds.macellan.online",
   "gr.hdream.cfd",
   "hemenindir.to",
   "hepsiads-gw.hepsiburada.com",
   "hepsiads-ui.hepsiburada.com",
   "keskin-pop.vip",
   "keskin.vip",
   "kingads2.org",
   "kingbaba.org",
   "kops1.site",
   "kriptoparahaber.care",
   "likevertising.com",
   "lups1.site",
   "mackolikftp.tuttur.com",
   "mdznads.com",
   "mdznads.pages.dev",
   "movturs.click",
   "opgg.beer",
   "partnerad.l.google.com",
   "partners.betbooaffiliates.com",
   "partnerx.bethub.io",
   "polatads.com",
   "r.yabancidizi.in",
   "referans.xyz",
   "reklam.arabul.com",
   "reklam.arailetisim.com",
   "reklam.emlakkulisi.com",
   "reklam.ibrahimyurttapan.com.tr",
   "reklam.memurlar.net",
   "reklam.milliyet.com.tr",
   "reklam.misli.com",
   "reklam.mynet.com",
   "reklam.star.com.tr",
   "reklam.turkmmo.com",
   "reklam.yonlendir.com",
   "reklam1.akhisar.bel.tr",
   "reklamstore.cubecdn.net",
   "rotorfon.go-prod.dogt.xyz",
   "rqr97sfd.xyz",
   "savoy.cubecdn.net",
   "savoy.storage.cubecdn.net",
   "srvd2204.com",
   "statbest.in",
   "subaxe.xyz",
   "testrole.care",
   "trkwinaff13.com",
   "ttauri.livescience.com",
   "url.isimsepeti.net",
   "x.creedimages.cfd",
   "yelads2.life",
   "youtubesave.org"
  ],
  "resourceTypes": [
   "main_frame"
  ]
 },
 "id": 1,
 "priority": 29
}
]
