[
{
 "action": {
  "redirect": {
   "regexSubstitution": "/strictblock.html#\\0"
  },
  "type": "redirect"
 },
 "condition": {
  "regexFilter": "^https?://.*",
  "requestDomains": [
   "ad.vidverto.io",
   "adflycode.com",
   "ads-cdn.fptplay.net",
   "ads.mxhnkn.pro",
   "ads.starzd.com",
   "adtima-static.zascdn.me",
   "adtimaserver.vn",
   "aiactiv.io",
   "aj1047.online",
   "ajsc.yodimedia.com",
   "amcdn.vn",
   "api.adfly.vn",
   "apinas.nct.vn",
   "bidgear-syndication.com",
   "cdn.adop.asia",
   "cdn.adxcontent.com",
   "cdn.tpmedia.online",
   "cdnstoremedia.com",
   "cdnv.tpmedia.online",
   "click.advertnative.com",
   "cnt.trvdp.com",
   "contineljs.com",
   "cpt.geniee.jp",
   "cv.bentsdiorism.com",
   "delivery.yomedia.vn",
   "distinctrobin.com",
   "ds.recrampwiped.com",
   "excavatenearbywand.com",
   "farawayinstallation.com",
   "fv.togataurnfuls.com",
   "genmonet.com",
   "gullyending.com",
   "iads.staticscdn.net",
   "img.yeuketqua.net",
   "js.aiservice.vn",
   "jsc.yodimedia.com",
   "lepidpomps.com",
   "ligheechoagool.com",
   "media.yomedia.vn",
   "mt.deimosfestuca.com",
   "ob.joyrodetoment.com",
   "ookex.in.net",
   "oursty.com",
   "player.gliacloud.com",
   "pub.akadigital.vn",
   "pub.lavamedia.vn",
   "qc.violet.vn",
   "sbbanner.com",
   "seccc.jasjas.xyz",
   "sourcetobin.com",
   "ss.yomedia.vn",
   "static.adconnect.vn",
   "static.dable.io",
   "static.philacct.com",
   "tags.native-ad.net",
   "ut.uranininnage.com",
   "v9banners.com",
   "vads.net.vn",
   "wr.brandonketting.com",
   "xa.boozierosmotic.com"
  ],
  "resourceTypes": [
   "main_frame"
  ]
 },
 "id": 1,
 "priority": 29
}
]
